Date,Product_ID,Product_name,Historical_Sales,Promotion,Demand,Day_of_Week,Month
2023-01-01,MED001,Paracetamol,60,1,59,3,12
2023-01-01,MED002,Ibuprofen,46,1,68,6,10
2023-01-01,MED003,Amoxicillin,80,0,78,4,4
2023-01-01,MED004,Painkiller,91,1,111,4,7
2023-01-01,MED005,DOLO,60,0,79,4,6
2023-01-06,MED001,Paracetamol,89,1,95,4,8
2023-01-06,MED002,Ibuprofen,44,0,51,4,5
2023-01-06,MED003,Amoxicillin,48,1,56,5,4
2023-01-06,MED004,Painkiller,82,1,102,2,9
2023-01-06,MED005,DOLO,55,1,52,4,11
2023-01-10,MED001,Paracetamol,89,1,104,6,6
2023-01-10,MED002,Ibuprofen,38,1,30,2,12
2023-01-10,MED003,Amoxicillin,30,1,48,5,5
2023-01-10,MED004,Painkiller,81,0,83,6,9
2023-01-10,MED005,DOLO,54,1,52,0,10
2023-01-14,MED001,Paracetamol,95,0,100,0,11
2023-01-14,MED002,Ibuprofen,87,0,117,1,1
2023-01-14,MED003,Amoxicillin,32,1,43,5,8
2023-01-14,MED004,Painkiller,32,0,22,4,3
2023-01-14,MED005,DOLO,72,1,92,5,4
2023-01-19,MED001,Paracetamol,56,1,64,5,1
2023-01-19,MED002,Ibuprofen,31,0,55,5,12
2023-01-19,MED003,Amoxicillin,24,0,40,6,3
2023-01-19,MED004,Painkiller,24,1,45,1,12
2023-01-19,MED005,DOLO,57,0,47,2,10
2023-01-20,MED001,Paracetamol,97,0,108,2,8
2023-01-20,MED002,Ibuprofen,89,1,87,6,9
2023-01-20,MED003,Amoxicillin,79,1,81,6,2
2023-01-20,MED004,Painkiller,62,0,81,5,5
2023-01-20,MED005,DOLO,43,0,54,6,5
2023-01-22,MED001,Paracetamol,92,0,93,4,11
2023-01-22,MED002,Ibuprofen,71,1,93,2,2
2023-01-22,MED003,Amoxicillin,71,0,72,1,8
2023-01-22,MED004,Painkiller,61,0,51,2,7
2023-01-22,MED005,DOLO,50,1,57,2,5
2023-01-25,MED001,Paracetamol,94,0,100,5,6
2023-01-25,MED002,Ibuprofen,50,0,47,3,5
2023-01-25,MED003,Amoxicillin,40,1,62,5,5
2023-01-25,MED004,Painkiller,35,1,48,4,4
2023-01-25,MED005,DOLO,48,0,68,1,8
2023-01-26,MED001,Paracetamol,97,1,113,5,9
2023-01-26,MED002,Ibuprofen,80,0,85,5,10
2023-01-26,MED003,Amoxicillin,30,1,53,5,6
2023-01-26,MED004,Painkiller,29,0,22,6,9
2023-01-26,MED005,DOLO,84,0,110,4,3
2023-01-30,MED001,Paracetamol,41,1,64,3,2
2023-01-30,MED002,Ibuprofen,46,1,41,4,8
2023-01-30,MED003,Amoxicillin,27,1,25,4,7
2023-01-30,MED004,Painkiller,78,0,103,3,11
2023-01-30,MED005,DOLO,59,0,74,2,1
2023-02-03,MED001,Paracetamol,47,0,39,3,6
2023-02-03,MED002,Ibuprofen,28,0,22,3,1
2023-02-03,MED003,Amoxicillin,56,1,57,6,3
2023-02-03,MED004,Painkiller,73,1,87,3,7
2023-02-03,MED005,DOLO,68,0,92,1,11
2023-02-08,MED001,Paracetamol,64,0,65,4,7
2023-02-08,MED002,Ibuprofen,87,0,91,6,1
2023-02-08,MED003,Amoxicillin,22,1,41,5,12
2023-02-08,MED004,Painkiller,89,1,113,3,4
2023-02-08,MED005,DOLO,51,1,63,1,5
2023-02-11,MED001,Paracetamol,44,0,36,6,11
2023-02-11,MED002,Ibuprofen,73,0,78,1,2
2023-02-11,MED003,Amoxicillin,32,0,50,4,11
2023-02-11,MED004,Painkiller,26,0,18,3,8
2023-02-11,MED005,DOLO,49,0,42,1,9
2023-02-13,MED001,Paracetamol,57,0,83,2,10
2023-02-13,MED002,Ibuprofen,96,1,101,2,3
2023-02-13,MED003,Amoxicillin,86,0,102,2,5
2023-02-13,MED004,Painkiller,27,0,57,5,7
2023-02-13,MED005,DOLO,91,1,84,2,11
2023-02-18,MED001,Paracetamol,68,1,84,3,3
2023-02-18,MED002,Ibuprofen,58,1,59,6,9
2023-02-18,MED003,Amoxicillin,80,0,84,2,12
2023-02-18,MED004,Painkiller,38,1,31,4,7
2023-02-18,MED005,DOLO,73,0,87,1,5
2023-02-23,MED001,Paracetamol,46,1,41,3,6
2023-02-23,MED002,Ibuprofen,31,0,24,2,7
2023-02-23,MED003,Amoxicillin,97,0,91,1,10
2023-02-23,MED004,Painkiller,91,0,111,1,6
2023-02-23,MED005,DOLO,58,0,61,1,12
2023-02-25,MED001,Paracetamol,35,1,40,5,10
2023-02-25,MED002,Ibuprofen,46,1,51,4,6
2023-02-25,MED003,Amoxicillin,56,1,75,4,11
2023-02-25,MED004,Painkiller,65,1,71,2,9
2023-02-25,MED005,DOLO,83,1,79,6,12
2023-02-27,MED001,Paracetamol,80,1,83,2,6
2023-02-27,MED002,Ibuprofen,72,0,98,6,4
2023-02-27,MED003,Amoxicillin,38,0,44,4,10
2023-02-27,MED004,Painkiller,94,1,102,1,4
2023-02-27,MED005,DOLO,62,0,76,4,4
2023-03-03,MED001,Paracetamol,83,1,89,6,8
2023-03-03,MED002,Ibuprofen,82,1,82,5,6
2023-03-03,MED003,Amoxicillin,41,0,65,3,3
2023-03-03,MED004,Painkiller,89,0,112,0,2
2023-03-03,MED005,DOLO,26,0,42,1,11
2023-03-08,MED001,Paracetamol,49,0,48,0,4
2023-03-08,MED002,Ibuprofen,84,1,97,0,10
2023-03-08,MED003,Amoxicillin,98,1,119,0,1
2023-03-08,MED004,Painkiller,88,1,78,0,9
2023-03-08,MED005,DOLO,55,1,46,4,12
2023-03-09,MED001,Paracetamol,75,0,71,0,9
2023-03-09,MED002,Ibuprofen,39,0,41,4,9
2023-03-09,MED003,Amoxicillin,52,1,59,6,7
2023-03-09,MED004,Painkiller,30,1,45,3,10
2023-03-09,MED005,DOLO,51,0,60,5,2
2023-03-10,MED001,Paracetamol,24,0,39,3,7
2023-03-10,MED002,Ibuprofen,90,1,83,5,1
2023-03-10,MED003,Amoxicillin,41,0,62,6,7
2023-03-10,MED004,Painkiller,62,0,85,0,4
2023-03-10,MED005,DOLO,47,1,54,0,2
2023-03-15,MED001,Paracetamol,55,0,56,6,6
2023-03-15,MED002,Ibuprofen,22,0,49,1,12
2023-03-15,MED003,Amoxicillin,70,0,79,1,10
2023-03-15,MED004,Painkiller,50,1,74,2,7
2023-03-15,MED005,DOLO,37,0,59,5,6
2023-03-17,MED001,Paracetamol,26,0,43,1,2
2023-03-17,MED002,Ibuprofen,63,1,73,0,11
2023-03-17,MED003,Amoxicillin,54,1,75,1,6
2023-03-17,MED004,Painkiller,90,1,107,1,11
2023-03-17,MED005,DOLO,94,1,89,6,10
2023-03-20,MED001,Paracetamol,57,0,51,0,5
2023-03-20,MED002,Ibuprofen,39,1,69,1,12
2023-03-20,MED003,Amoxicillin,69,1,82,0,2
2023-03-20,MED004,Painkiller,20,1,38,2,5
2023-03-20,MED005,DOLO,33,0,28,1,7
2023-03-22,MED001,Paracetamol,77,1,73,0,2
2023-03-22,MED002,Ibuprofen,65,0,93,4,6
2023-03-22,MED003,Amoxicillin,69,0,77,3,7
2023-03-22,MED004,Painkiller,30,0,56,4,3
2023-03-22,MED005,DOLO,68,0,66,2,5
2023-03-24,MED001,Paracetamol,54,1,53,0,3
2023-03-24,MED002,Ibuprofen,75,1,91,2,8
2023-03-24,MED003,Amoxicillin,29,1,35,1,12
2023-03-24,MED004,Painkiller,100,1,128,4,4
2023-03-24,MED005,DOLO,78,0,76,2,1
2023-03-27,MED001,Paracetamol,70,1,99,3,6
2023-03-27,MED002,Ibuprofen,76,1,93,6,11
2023-03-27,MED003,Amoxicillin,96,0,105,2,10
2023-03-27,MED004,Painkiller,45,1,55,1,7
2023-03-27,MED005,DOLO,60,1,90,3,10
2023-03-29,MED001,Paracetamol,51,1,65,2,7
2023-03-29,MED002,Ibuprofen,66,0,92,1,10
2023-03-29,MED003,Amoxicillin,89,0,114,0,12
2023-03-29,MED004,Painkiller,79,0,97,6,5
2023-03-29,MED005,DOLO,28,1,49,1,11
2023-04-01,MED001,Paracetamol,58,0,64,5,3
2023-04-01,MED002,Ibuprofen,74,1,68,3,10
2023-04-01,MED003,Amoxicillin,81,1,105,4,12
2023-04-01,MED004,Painkiller,73,0,86,5,9
2023-04-01,MED005,DOLO,96,0,92,6,4
2023-04-06,MED001,Paracetamol,65,0,94,0,10
2023-04-06,MED002,Ibuprofen,71,1,88,0,1
2023-04-06,MED003,Amoxicillin,32,1,36,4,12
2023-04-06,MED004,Painkiller,86,0,104,2,7
2023-04-06,MED005,DOLO,79,0,91,0,8
2023-04-09,MED001,Paracetamol,33,1,49,0,2
2023-04-09,MED002,Ibuprofen,38,1,47,2,8
2023-04-09,MED003,Amoxicillin,46,1,58,3,2
2023-04-09,MED004,Painkiller,76,1,86,0,5
2023-04-09,MED005,DOLO,25,0,16,6,6
2023-04-10,MED001,Paracetamol,33,0,38,4,3
2023-04-10,MED002,Ibuprofen,90,0,101,4,7
2023-04-10,MED003,Amoxicillin,79,0,94,5,3
2023-04-10,MED004,Painkiller,43,1,58,0,12
2023-04-10,MED005,DOLO,98,0,116,4,7
2023-04-13,MED001,Paracetamol,69,0,72,1,5
2023-04-13,MED002,Ibuprofen,28,0,52,1,6
2023-04-13,MED003,Amoxicillin,61,0,80,0,5
2023-04-13,MED004,Painkiller,82,1,110,3,10
2023-04-13,MED005,DOLO,70,0,82,2,8
2023-04-15,MED001,Paracetamol,99,0,108,4,10
2023-04-15,MED002,Ibuprofen,30,0,40,0,4
2023-04-15,MED003,Amoxicillin,59,0,60,2,12
2023-04-15,MED004,Painkiller,38,1,54,4,3
2023-04-15,MED005,DOLO,93,1,110,1,8
2023-04-20,MED001,Paracetamol,88,0,113,1,8
2023-04-20,MED002,Ibuprofen,56,0,57,2,8
2023-04-20,MED003,Amoxicillin,99,0,111,0,8
2023-04-20,MED004,Painkiller,37,0,51,4,9
2023-04-20,MED005,DOLO,83,1,104,3,12
2023-04-23,MED001,Paracetamol,76,1,76,0,10
2023-04-23,MED002,Ibuprofen,23,0,31,0,5
2023-04-23,MED003,Amoxicillin,48,1,48,6,8
2023-04-23,MED004,Painkiller,92,1,117,4,2
2023-04-23,MED005,DOLO,93,0,100,6,9
2023-04-25,MED001,Paracetamol,66,0,84,4,4
2023-04-25,MED002,Ibuprofen,74,0,79,2,1
2023-04-25,MED003,Amoxicillin,77,1,89,6,2
2023-04-25,MED004,Painkiller,76,0,81,1,12
2023-04-25,MED005,DOLO,95,1,124,5,7
2023-04-28,MED001,Paracetamol,41,0,44,6,4
2023-04-28,MED002,Ibuprofen,27,1,51,2,10
2023-04-28,MED003,Amoxicillin,88,0,98,5,5
2023-04-28,MED004,Painkiller,57,1,79,5,2
2023-04-28,MED005,DOLO,37,1,30,2,11
2023-05-03,MED001,Paracetamol,36,0,41,1,12
2023-05-03,MED002,Ibuprofen,61,0,76,3,3
2023-05-03,MED003,Amoxicillin,93,1,123,3,7
2023-05-03,MED004,Painkiller,77,0,107,6,2
2023-05-03,MED005,DOLO,71,1,84,3,8
2023-05-08,MED001,Paracetamol,61,0,56,5,8
2023-05-08,MED002,Ibuprofen,65,0,89,3,4
2023-05-08,MED003,Amoxicillin,74,0,95,2,6
2023-05-08,MED004,Painkiller,56,1,81,4,3
2023-05-08,MED005,DOLO,92,1,103,5,1
2023-05-09,MED001,Paracetamol,25,0,55,6,8
2023-05-09,MED002,Ibuprofen,22,0,22,3,8
2023-05-09,MED003,Amoxicillin,20,1,22,5,3
2023-05-09,MED004,Painkiller,58,0,65,0,11
2023-05-09,MED005,DOLO,66,1,61,2,11
2023-05-14,MED001,Paracetamol,41,0,56,5,5
2023-05-14,MED002,Ibuprofen,49,1,44,5,2
2023-05-14,MED003,Amoxicillin,20,0,40,0,3
2023-05-14,MED004,Painkiller,95,0,118,5,8
2023-05-14,MED005,DOLO,21,0,32,6,2
2023-05-16,MED001,Paracetamol,74,0,94,0,4
2023-05-16,MED002,Ibuprofen,69,0,65,0,6
2023-05-16,MED003,Amoxicillin,67,1,65,3,3
2023-05-16,MED004,Painkiller,38,0,61,4,1
2023-05-16,MED005,DOLO,98,0,116,2,12
2023-05-21,MED001,Paracetamol,47,0,63,4,11
2023-05-21,MED002,Ibuprofen,76,0,71,0,3
2023-05-21,MED003,Amoxicillin,35,1,47,3,6
2023-05-21,MED004,Painkiller,37,0,44,5,2
2023-05-21,MED005,DOLO,51,1,42,6,11
2023-05-26,MED001,Paracetamol,58,0,81,4,9
2023-05-26,MED002,Ibuprofen,44,1,52,5,1
2023-05-26,MED003,Amoxicillin,50,1,64,0,4
2023-05-26,MED004,Painkiller,83,0,106,0,6
2023-05-26,MED005,DOLO,60,0,74,6,10
2023-05-28,MED001,Paracetamol,73,1,97,5,3
2023-05-28,MED002,Ibuprofen,80,0,71,4,2
2023-05-28,MED003,Amoxicillin,21,1,24,0,1
2023-05-28,MED004,Painkiller,70,1,100,5,9
2023-05-28,MED005,DOLO,73,1,88,0,11
2023-05-30,MED001,Paracetamol,88,0,95,0,5
2023-05-30,MED002,Ibuprofen,30,0,29,4,6
2023-05-30,MED003,Amoxicillin,70,0,79,5,7
2023-05-30,MED004,Painkiller,50,0,55,0,7
2023-05-30,MED005,DOLO,34,1,63,4,1
2023-06-04,MED001,Paracetamol,59,0,56,0,12
2023-06-04,MED002,Ibuprofen,37,0,37,3,6
2023-06-04,MED003,Amoxicillin,86,1,86,2,3
2023-06-04,MED004,Painkiller,54,0,45,2,7
2023-06-04,MED005,DOLO,54,0,60,5,10
2023-06-09,MED001,Paracetamol,100,0,121,3,9
2023-06-09,MED002,Ibuprofen,66,0,87,6,10
2023-06-09,MED003,Amoxicillin,41,1,41,2,2
2023-06-09,MED004,Painkiller,93,0,97,5,9
2023-06-09,MED005,DOLO,20,0,10,1,1
2023-06-12,MED001,Paracetamol,80,1,94,1,3
2023-06-12,MED002,Ibuprofen,24,1,28,2,4
2023-06-12,MED003,Amoxicillin,73,1,80,6,2
2023-06-12,MED004,Painkiller,93,1,90,4,11
2023-06-12,MED005,DOLO,26,0,30,6,9
2023-06-17,MED001,Paracetamol,25,1,19,3,5
2023-06-17,MED002,Ibuprofen,59,1,54,4,8
2023-06-17,MED003,Amoxicillin,21,1,23,2,10
2023-06-17,MED004,Painkiller,58,0,77,2,10
2023-06-17,MED005,DOLO,83,0,107,6,4
2023-06-18,MED001,Paracetamol,39,0,55,0,4
2023-06-18,MED002,Ibuprofen,89,1,119,6,12
2023-06-18,MED003,Amoxicillin,21,1,11,6,11
2023-06-18,MED004,Painkiller,68,1,64,1,9
2023-06-18,MED005,DOLO,50,1,71,0,3
2023-06-19,MED001,Paracetamol,55,0,47,1,9
2023-06-19,MED002,Ibuprofen,72,1,91,5,2
2023-06-19,MED003,Amoxicillin,94,0,116,1,11
2023-06-19,MED004,Painkiller,70,0,97,4,1
2023-06-19,MED005,DOLO,75,0,80,2,5
2023-06-20,MED001,Paracetamol,60,1,70,2,8
2023-06-20,MED002,Ibuprofen,54,0,48,1,3
2023-06-20,MED003,Amoxicillin,94,0,93,0,3
2023-06-20,MED004,Painkiller,77,1,87,3,2
2023-06-20,MED005,DOLO,88,1,91,3,5
2023-06-21,MED001,Paracetamol,79,1,76,0,3
2023-06-21,MED002,Ibuprofen,58,0,61,6,6
2023-06-21,MED003,Amoxicillin,38,0,43,2,7
2023-06-21,MED004,Painkiller,85,0,94,2,3
2023-06-21,MED005,DOLO,23,1,41,4,12
2023-06-26,MED001,Paracetamol,90,0,86,3,2
2023-06-26,MED002,Ibuprofen,37,0,27,0,4
2023-06-26,MED003,Amoxicillin,36,0,51,2,11
2023-06-26,MED004,Painkiller,100,0,127,4,5
2023-06-26,MED005,DOLO,29,0,23,1,11
2023-06-29,MED001,Paracetamol,76,0,71,6,6
2023-06-29,MED002,Ibuprofen,35,0,54,0,3
2023-06-29,MED003,Amoxicillin,93,1,108,3,1
2023-06-29,MED004,Painkiller,68,1,69,2,4
2023-06-29,MED005,DOLO,43,1,50,3,3
2023-07-01,MED001,Paracetamol,24,0,32,3,7
2023-07-01,MED002,Ibuprofen,90,1,83,0,5
2023-07-01,MED003,Amoxicillin,69,0,85,1,11
2023-07-01,MED004,Painkiller,87,0,117,6,9
2023-07-01,MED005,DOLO,22,1,34,3,9
2023-07-06,MED001,Paracetamol,82,1,108,4,6
2023-07-06,MED002,Ibuprofen,69,1,70,0,6
2023-07-06,MED003,Amoxicillin,96,0,87,6,5
2023-07-06,MED004,Painkiller,27,1,50,2,10
2023-07-06,MED005,DOLO,49,0,45,1,11
2023-07-10,MED001,Paracetamol,50,1,74,6,12
2023-07-10,MED002,Ibuprofen,27,0,53,6,7
2023-07-10,MED003,Amoxicillin,65,0,66,1,10
2023-07-10,MED004,Painkiller,60,1,87,0,12
2023-07-10,MED005,DOLO,65,0,91,1,8
2023-07-15,MED001,Paracetamol,89,1,90,3,1
2023-07-15,MED002,Ibuprofen,31,0,35,4,4
2023-07-15,MED003,Amoxicillin,22,1,12,2,10
2023-07-15,MED004,Painkiller,45,0,56,5,3
2023-07-15,MED005,DOLO,61,0,52,1,10
2023-07-16,MED001,Paracetamol,38,0,61,6,6
2023-07-16,MED002,Ibuprofen,29,1,44,4,2
2023-07-16,MED003,Amoxicillin,63,1,73,1,3
2023-07-16,MED004,Painkiller,75,1,85,1,12
2023-07-16,MED005,DOLO,91,1,95,5,10
2023-07-20,MED001,Paracetamol,42,1,51,5,12
2023-07-20,MED002,Ibuprofen,57,0,58,5,1
2023-07-20,MED003,Amoxicillin,93,1,119,0,3
2023-07-20,MED004,Painkiller,97,1,126,1,11
2023-07-20,MED005,DOLO,92,0,113,1,6
2023-07-25,MED001,Paracetamol,29,0,41,2,3
2023-07-25,MED002,Ibuprofen,31,1,49,0,5
2023-07-25,MED003,Amoxicillin,46,0,40,2,5
2023-07-25,MED004,Painkiller,33,0,26,3,8
2023-07-25,MED005,DOLO,73,0,89,3,7
2023-07-28,MED001,Paracetamol,64,1,60,6,8
2023-07-28,MED002,Ibuprofen,93,0,93,3,2
2023-07-28,MED003,Amoxicillin,24,1,15,2,5
2023-07-28,MED004,Painkiller,33,0,44,1,7
2023-07-28,MED005,DOLO,40,0,65,0,6
2023-07-31,MED001,Paracetamol,96,1,87,3,11
2023-07-31,MED002,Ibuprofen,41,1,41,0,2
2023-07-31,MED003,Amoxicillin,62,0,64,3,12
2023-07-31,MED004,Painkiller,90,1,98,2,4
2023-07-31,MED005,DOLO,32,0,47,4,9
2023-08-04,MED001,Paracetamol,82,0,75,2,1
2023-08-04,MED002,Ibuprofen,74,0,82,6,11
2023-08-04,MED003,Amoxicillin,100,1,102,0,1
2023-08-04,MED004,Painkiller,46,0,76,2,2
2023-08-04,MED005,DOLO,80,0,89,6,7
2023-08-06,MED001,Paracetamol,80,1,86,0,11
2023-08-06,MED002,Ibuprofen,89,1,90,2,7
2023-08-06,MED003,Amoxicillin,67,0,85,0,5
2023-08-06,MED004,Painkiller,76,1,82,1,5
2023-08-06,MED005,DOLO,92,0,91,6,12
2023-08-10,MED001,Paracetamol,32,0,44,6,9
2023-08-10,MED002,Ibuprofen,72,0,97,0,7
2023-08-10,MED003,Amoxicillin,86,1,110,5,8
2023-08-10,MED004,Painkiller,93,0,113,2,2
2023-08-10,MED005,DOLO,70,0,92,4,9
2023-08-13,MED001,Paracetamol,93,0,90,6,8
2023-08-13,MED002,Ibuprofen,42,0,45,6,4
2023-08-13,MED003,Amoxicillin,36,0,53,0,11
2023-08-13,MED004,Painkiller,75,0,105,1,10
2023-08-13,MED005,DOLO,53,1,47,0,7
2023-08-17,MED001,Paracetamol,91,1,116,2,5
2023-08-17,MED002,Ibuprofen,86,1,76,6,12
2023-08-17,MED003,Amoxicillin,99,1,96,3,3
2023-08-17,MED004,Painkiller,38,0,34,4,2
2023-08-17,MED005,DOLO,56,1,72,2,7
2023-08-18,MED001,Paracetamol,82,1,74,1,5
2023-08-18,MED002,Ibuprofen,71,0,100,4,11
2023-08-18,MED003,Amoxicillin,71,0,86,2,12
2023-08-18,MED004,Painkiller,50,0,70,2,6
2023-08-18,MED005,DOLO,22,1,31,2,5
2023-08-19,MED001,Paracetamol,82,0,86,1,5
2023-08-19,MED002,Ibuprofen,76,1,83,5,7
2023-08-19,MED003,Amoxicillin,97,0,99,3,4
2023-08-19,MED004,Painkiller,72,1,95,6,6
2023-08-19,MED005,DOLO,27,0,21,2,12
2023-08-21,MED001,Paracetamol,84,1,82,6,9
2023-08-21,MED002,Ibuprofen,92,0,93,1,4
2023-08-21,MED003,Amoxicillin,27,0,19,3,1
2023-08-21,MED004,Painkiller,66,0,73,2,8
2023-08-21,MED005,DOLO,84,1,114,0,11
2023-08-25,MED001,Paracetamol,23,0,36,3,10
2023-08-25,MED002,Ibuprofen,77,0,97,4,9
2023-08-25,MED003,Amoxicillin,64,1,64,6,5
2023-08-25,MED004,Painkiller,31,1,22,3,1
2023-08-25,MED005,DOLO,40,0,44,5,4
2023-08-29,MED001,Paracetamol,46,1,62,4,1
2023-08-29,MED002,Ibuprofen,21,1,19,5,3
2023-08-29,MED003,Amoxicillin,96,0,100,2,10
2023-08-29,MED004,Painkiller,59,1,76,3,6
2023-08-29,MED005,DOLO,78,1,81,3,5
2023-09-02,MED001,Paracetamol,86,1,113,0,1
2023-09-02,MED002,Ibuprofen,85,1,110,5,10
2023-09-02,MED003,Amoxicillin,97,1,106,5,2
2023-09-02,MED004,Painkiller,81,0,92,2,11
2023-09-02,MED005,DOLO,61,1,67,5,12
2023-09-06,MED001,Paracetamol,58,0,57,4,4
2023-09-06,MED002,Ibuprofen,27,1,37,5,3
2023-09-06,MED003,Amoxicillin,23,1,31,2,7
2023-09-06,MED004,Painkiller,71,1,63,4,12
2023-09-06,MED005,DOLO,93,0,104,5,12
2023-09-08,MED001,Paracetamol,48,1,60,4,5
2023-09-08,MED002,Ibuprofen,41,0,49,0,8
2023-09-08,MED003,Amoxicillin,36,1,61,6,3
2023-09-08,MED004,Painkiller,62,0,66,2,4
2023-09-08,MED005,DOLO,59,1,70,2,5
2023-09-11,MED001,Paracetamol,94,1,113,6,2
2023-09-11,MED002,Ibuprofen,80,0,110,4,10
2023-09-11,MED003,Amoxicillin,99,0,119,1,9
2023-09-11,MED004,Painkiller,35,1,58,2,7
2023-09-11,MED005,DOLO,26,0,24,1,6
2023-09-16,MED001,Paracetamol,72,1,71,2,12
2023-09-16,MED002,Ibuprofen,43,0,64,2,11
2023-09-16,MED003,Amoxicillin,42,1,72,0,1
2023-09-16,MED004,Painkiller,77,1,80,6,3
2023-09-16,MED005,DOLO,93,0,114,6,2
2023-09-18,MED001,Paracetamol,36,1,66,3,7
2023-09-18,MED002,Ibuprofen,74,1,88,0,1
2023-09-18,MED003,Amoxicillin,88,0,101,0,6
2023-09-18,MED004,Painkiller,87,0,78,5,1
2023-09-18,MED005,DOLO,100,0,104,5,6
2023-09-21,MED001,Paracetamol,59,0,55,3,9
2023-09-21,MED002,Ibuprofen,95,1,95,0,1
2023-09-21,MED003,Amoxicillin,58,1,77,5,9
2023-09-21,MED004,Painkiller,96,1,113,5,3
2023-09-21,MED005,DOLO,63,1,75,6,4
2023-09-24,MED001,Paracetamol,41,1,32,1,4
2023-09-24,MED002,Ibuprofen,36,0,27,4,9
2023-09-24,MED003,Amoxicillin,41,0,54,5,11
2023-09-24,MED004,Painkiller,24,1,54,2,9
2023-09-24,MED005,DOLO,99,0,127,0,11
2023-09-27,MED001,Paracetamol,33,0,26,5,2
2023-09-27,MED002,Ibuprofen,73,1,87,0,9
2023-09-27,MED003,Amoxicillin,52,1,51,1,12
2023-09-27,MED004,Painkiller,100,0,109,3,11
2023-09-27,MED005,DOLO,32,1,61,4,12
2023-10-01,MED001,Paracetamol,37,1,33,4,12
2023-10-01,MED002,Ibuprofen,99,0,107,0,2
2023-10-01,MED003,Amoxicillin,83,0,111,1,5
2023-10-01,MED004,Painkiller,86,0,98,5,7
2023-10-01,MED005,DOLO,57,0,49,4,8
2023-10-03,MED001,Paracetamol,46,1,57,1,1
2023-10-03,MED002,Ibuprofen,21,0,18,6,10
2023-10-03,MED003,Amoxicillin,83,0,78,6,9
2023-10-03,MED004,Painkiller,29,0,35,5,4
2023-10-03,MED005,DOLO,78,1,84,3,1
2023-10-06,MED001,Paracetamol,32,0,24,6,5
2023-10-06,MED002,Ibuprofen,66,1,83,5,2
2023-10-06,MED003,Amoxicillin,32,0,22,6,3
2023-10-06,MED004,Painkiller,41,1,53,3,10
2023-10-06,MED005,DOLO,54,0,67,6,6
2023-10-11,MED001,Paracetamol,43,0,58,3,8
2023-10-11,MED002,Ibuprofen,54,1,74,6,7
2023-10-11,MED003,Amoxicillin,41,0,39,5,12
2023-10-11,MED004,Painkiller,27,0,23,3,10
2023-10-11,MED005,DOLO,81,1,82,4,7
2023-10-16,MED001,Paracetamol,65,0,63,3,8
2023-10-16,MED002,Ibuprofen,34,1,52,0,2
2023-10-16,MED003,Amoxicillin,53,1,43,5,11
2023-10-16,MED004,Painkiller,87,0,98,4,9
2023-10-16,MED005,DOLO,99,0,116,5,12
2023-10-17,MED001,Paracetamol,51,1,63,5,11
2023-10-17,MED002,Ibuprofen,69,0,94,4,1
2023-10-17,MED003,Amoxicillin,21,0,43,6,8
2023-10-17,MED004,Painkiller,83,0,77,6,8
2023-10-17,MED005,DOLO,61,0,72,2,1
2023-10-20,MED001,Paracetamol,84,0,109,5,7
2023-10-20,MED002,Ibuprofen,71,0,66,3,8
2023-10-20,MED003,Amoxicillin,93,1,88,6,8
2023-10-20,MED004,Painkiller,77,1,74,3,12
2023-10-20,MED005,DOLO,22,0,37,3,1
2023-10-22,MED001,Paracetamol,91,0,86,6,10
2023-10-22,MED002,Ibuprofen,99,1,121,4,4
2023-10-22,MED003,Amoxicillin,78,1,91,6,1
2023-10-22,MED004,Painkiller,48,1,59,4,10
2023-10-22,MED005,DOLO,96,1,109,5,8
2023-10-26,MED001,Paracetamol,34,0,38,0,6
2023-10-26,MED002,Ibuprofen,65,1,90,4,6
2023-10-26,MED003,Amoxicillin,33,0,33,3,3
2023-10-26,MED004,Painkiller,72,0,78,4,4
2023-10-26,MED005,DOLO,44,0,59,1,8
2023-10-27,MED001,Paracetamol,44,1,40,6,7
2023-10-27,MED002,Ibuprofen,25,0,43,3,11
2023-10-27,MED003,Amoxicillin,95,0,116,0,9
2023-10-27,MED004,Painkiller,26,1,53,3,9
2023-10-27,MED005,DOLO,42,0,40,0,7
2023-10-30,MED001,Paracetamol,96,1,118,3,7
2023-10-30,MED002,Ibuprofen,97,0,104,3,6
2023-10-30,MED003,Amoxicillin,57,1,55,1,7
2023-10-30,MED004,Painkiller,97,1,122,6,6
2023-10-30,MED005,DOLO,90,0,92,1,10
2023-11-03,MED001,Paracetamol,57,1,55,5,11
2023-11-03,MED002,Ibuprofen,42,1,39,6,6
2023-11-03,MED003,Amoxicillin,91,1,118,4,11
2023-11-03,MED004,Painkiller,73,1,90,6,1
2023-11-03,MED005,DOLO,86,0,77,3,3
2023-11-05,MED001,Paracetamol,26,0,28,2,3
2023-11-05,MED002,Ibuprofen,56,1,55,6,1
2023-11-05,MED003,Amoxicillin,57,0,81,0,6
2023-11-05,MED004,Painkiller,77,0,106,6,11
2023-11-05,MED005,DOLO,91,0,116,3,4
2023-11-07,MED001,Paracetamol,85,1,78,3,7
2023-11-07,MED002,Ibuprofen,73,1,98,0,1
2023-11-07,MED003,Amoxicillin,52,0,81,6,8
2023-11-07,MED004,Painkiller,48,1,75,4,12
2023-11-07,MED005,DOLO,97,0,99,2,8
2023-11-08,MED001,Paracetamol,42,0,43,1,12
2023-11-08,MED002,Ibuprofen,85,0,99,0,7
2023-11-08,MED003,Amoxicillin,55,1,53,1,10
2023-11-08,MED004,Painkiller,52,0,63,3,12
2023-11-08,MED005,DOLO,39,0,38,2,10
2023-11-09,MED001,Paracetamol,26,1,47,6,10
2023-11-09,MED002,Ibuprofen,90,1,84,6,12
2023-11-09,MED003,Amoxicillin,60,0,61,4,2
2023-11-09,MED004,Painkiller,84,0,100,4,9
2023-11-09,MED005,DOLO,71,0,83,1,4
2023-11-12,MED001,Paracetamol,62,1,75,2,4
2023-11-12,MED002,Ibuprofen,99,1,124,6,11
2023-11-12,MED003,Amoxicillin,21,0,33,3,4
2023-11-12,MED004,Painkiller,98,0,90,5,6
2023-11-12,MED005,DOLO,68,0,82,2,9
2023-11-16,MED001,Paracetamol,56,0,79,6,6
2023-11-16,MED002,Ibuprofen,85,1,106,0,5
2023-11-16,MED003,Amoxicillin,44,1,66,0,2
2023-11-16,MED004,Painkiller,41,0,71,0,4
2023-11-16,MED005,DOLO,100,0,117,6,2
2023-11-21,MED001,Paracetamol,46,1,40,5,11
2023-11-21,MED002,Ibuprofen,39,0,58,5,6
2023-11-21,MED003,Amoxicillin,24,0,18,0,3
2023-11-21,MED004,Painkiller,52,0,78,6,4
2023-11-21,MED005,DOLO,53,1,67,3,11
2023-11-25,MED001,Paracetamol,71,1,81,0,7
2023-11-25,MED002,Ibuprofen,35,0,64,0,12
2023-11-25,MED003,Amoxicillin,94,0,88,2,9
2023-11-25,MED004,Painkiller,33,1,42,4,2
2023-11-25,MED005,DOLO,56,1,70,3,11
2023-11-27,MED001,Paracetamol,23,1,23,4,4
2023-11-27,MED002,Ibuprofen,37,1,61,2,11
2023-11-27,MED003,Amoxicillin,38,1,51,0,9
2023-11-27,MED004,Painkiller,91,0,88,0,1
2023-11-27,MED005,DOLO,93,1,117,4,2
2023-11-29,MED001,Paracetamol,59,0,71,1,7
2023-11-29,MED002,Ibuprofen,85,0,85,1,4
2023-11-29,MED003,Amoxicillin,98,1,100,0,3
2023-11-29,MED004,Painkiller,92,0,117,3,11
2023-11-29,MED005,DOLO,90,0,98,5,2
2023-12-02,MED001,Paracetamol,52,0,54,5,10
2023-12-02,MED002,Ibuprofen,82,1,94,1,11
2023-12-02,MED003,Amoxicillin,50,0,58,4,2
2023-12-02,MED004,Painkiller,44,1,65,3,6
2023-12-02,MED005,DOLO,98,1,125,1,10
2023-12-07,MED001,Paracetamol,92,1,102,3,3
2023-12-07,MED002,Ibuprofen,20,1,25,6,4
2023-12-07,MED003,Amoxicillin,75,1,88,1,11
2023-12-07,MED004,Painkiller,62,1,81,3,6
2023-12-07,MED005,DOLO,59,1,84,0,3
2023-12-10,MED001,Paracetamol,97,0,104,6,3
2023-12-10,MED002,Ibuprofen,88,0,94,5,11
2023-12-10,MED003,Amoxicillin,29,0,20,6,9
2023-12-10,MED004,Painkiller,100,0,127,4,7
2023-12-10,MED005,DOLO,95,0,87,4,5
2023-12-12,MED001,Paracetamol,89,1,88,2,7
2023-12-12,MED002,Ibuprofen,48,1,46,3,9
2023-12-12,MED003,Amoxicillin,85,0,100,2,9
2023-12-12,MED004,Painkiller,21,0,50,5,3
2023-12-12,MED005,DOLO,85,0,103,1,3
2023-12-14,MED001,Paracetamol,92,0,112,2,1
2023-12-14,MED002,Ibuprofen,48,1,52,0,5
2023-12-14,MED003,Amoxicillin,67,0,59,5,4
2023-12-14,MED004,Painkiller,86,1,100,3,8
2023-12-14,MED005,DOLO,25,0,35,0,12
2023-12-18,MED001,Paracetamol,86,1,92,4,9
2023-12-18,MED002,Ibuprofen,92,0,106,5,7
2023-12-18,MED003,Amoxicillin,66,0,89,2,7
2023-12-18,MED004,Painkiller,48,1,60,6,6
2023-12-18,MED005,DOLO,82,1,110,0,9
2023-12-23,MED001,Paracetamol,37,1,37,1,2
2023-12-23,MED002,Ibuprofen,85,1,88,1,3
2023-12-23,MED003,Amoxicillin,40,1,68,5,2
2023-12-23,MED004,Painkiller,49,1,60,5,2
2023-12-23,MED005,DOLO,81,1,101,1,10
2023-12-27,MED001,Paracetamol,40,1,31,1,1
2023-12-27,MED002,Ibuprofen,36,0,34,5,9
2023-12-27,MED003,Amoxicillin,25,0,18,1,5
2023-12-27,MED004,Painkiller,43,1,71,4,11
2023-12-27,MED005,DOLO,22,1,17,1,8
2023-12-31,MED001,Paracetamol,97,1,117,1,4
2023-12-31,MED002,Ibuprofen,72,0,99,6,3
2023-12-31,MED003,Amoxicillin,99,1,99,5,11
2023-12-31,MED004,Painkiller,63,1,91,4,2
2023-12-31,MED005,DOLO,49,1,63,1,2
2024-01-03,MED001,Paracetamol,22,0,45,6,9
2024-01-03,MED002,Ibuprofen,73,0,101,0,3
2024-01-03,MED003,Amoxicillin,80,0,104,4,2
2024-01-03,MED004,Painkiller,31,1,29,4,9
2024-01-03,MED005,DOLO,20,1,43,3,6
2024-01-07,MED001,Paracetamol,25,1,29,6,8
2024-01-07,MED002,Ibuprofen,68,1,95,6,12
2024-01-07,MED003,Amoxicillin,93,0,110,1,5
2024-01-07,MED004,Painkiller,81,0,76,2,10
2024-01-07,MED005,DOLO,89,1,95,1,1
2024-01-08,MED001,Paracetamol,20,0,43,0,7
2024-01-08,MED002,Ibuprofen,46,1,62,2,2
2024-01-08,MED003,Amoxicillin,39,1,66,2,5
2024-01-08,MED004,Painkiller,88,1,114,2,10
2024-01-08,MED005,DOLO,55,1,58,3,9
2024-01-09,MED001,Paracetamol,91,1,92,2,9
2024-01-09,MED002,Ibuprofen,91,1,97,2,10
2024-01-09,MED003,Amoxicillin,64,1,62,6,11
2024-01-09,MED004,Painkiller,35,0,53,6,12
2024-01-09,MED005,DOLO,40,0,43,4,7
2024-01-13,MED001,Paracetamol,63,0,63,3,11
2024-01-13,MED002,Ibuprofen,20,0,19,3,10
2024-01-13,MED003,Amoxicillin,75,0,69,2,4
2024-01-13,MED004,Painkiller,67,0,95,0,12
2024-01-13,MED005,DOLO,69,1,98,5,9
2024-01-18,MED001,Paracetamol,56,0,57,5,8
2024-01-18,MED002,Ibuprofen,76,0,78,6,11
2024-01-18,MED003,Amoxicillin,86,1,88,0,10
2024-01-18,MED004,Painkiller,85,0,114,1,11
2024-01-18,MED005,DOLO,24,1,29,5,1
2024-01-22,MED001,Paracetamol,40,0,47,6,7
2024-01-22,MED002,Ibuprofen,65,1,80,4,4
2024-01-22,MED003,Amoxicillin,86,0,80,0,9
2024-01-22,MED004,Painkiller,56,1,68,6,5
2024-01-22,MED005,DOLO,48,0,67,3,10
2024-01-24,MED001,Paracetamol,20,1,21,3,9
2024-01-24,MED002,Ibuprofen,33,0,55,2,6
2024-01-24,MED003,Amoxicillin,34,1,58,6,10
2024-01-24,MED004,Painkiller,52,1,66,4,8
2024-01-24,MED005,DOLO,51,1,70,5,8
2024-01-26,MED001,Paracetamol,95,0,115,0,5
2024-01-26,MED002,Ibuprofen,28,1,58,6,4
2024-01-26,MED003,Amoxicillin,49,1,65,2,9
2024-01-26,MED004,Painkiller,88,0,94,1,5
2024-01-26,MED005,DOLO,31,1,42,0,9
2024-01-31,MED001,Paracetamol,42,1,52,2,4
2024-01-31,MED002,Ibuprofen,93,1,94,5,11
2024-01-31,MED003,Amoxicillin,44,1,46,1,12
2024-01-31,MED004,Painkiller,50,1,53,1,4
2024-01-31,MED005,DOLO,51,1,50,6,2
2024-02-03,MED001,Paracetamol,35,0,56,4,1
2024-02-03,MED002,Ibuprofen,89,0,109,2,10
2024-02-03,MED003,Amoxicillin,60,1,86,6,5
2024-02-03,MED004,Painkiller,82,0,104,2,7
2024-02-03,MED005,DOLO,48,0,41,4,7
2024-02-04,MED001,Paracetamol,81,0,103,2,7
2024-02-04,MED002,Ibuprofen,42,1,39,5,9
2024-02-04,MED003,Amoxicillin,78,1,68,0,11
2024-02-04,MED004,Painkiller,46,1,73,0,6
2024-02-04,MED005,DOLO,66,1,67,4,5
2024-02-05,MED001,Paracetamol,50,1,70,4,6
2024-02-05,MED002,Ibuprofen,66,0,87,3,4
2024-02-05,MED003,Amoxicillin,73,1,86,6,7
2024-02-05,MED004,Painkiller,55,1,56,4,3
2024-02-05,MED005,DOLO,93,0,89,5,5
2024-02-08,MED001,Paracetamol,50,1,64,1,3
2024-02-08,MED002,Ibuprofen,39,1,29,1,7
2024-02-08,MED003,Amoxicillin,83,0,113,4,9
2024-02-08,MED004,Painkiller,60,1,69,2,9
2024-02-08,MED005,DOLO,92,0,107,0,12
2024-02-12,MED001,Paracetamol,40,0,43,6,5
2024-02-12,MED002,Ibuprofen,80,0,98,5,6
2024-02-12,MED003,Amoxicillin,53,1,66,4,9
2024-02-12,MED004,Painkiller,52,1,43,3,2
2024-02-12,MED005,DOLO,64,0,90,4,11
2024-02-17,MED001,Paracetamol,88,0,96,2,6
2024-02-17,MED002,Ibuprofen,85,1,103,0,7
2024-02-17,MED003,Amoxicillin,98,1,117,5,3
2024-02-17,MED004,Painkiller,41,1,57,5,10
2024-02-17,MED005,DOLO,93,1,87,0,3
2024-02-21,MED001,Paracetamol,63,0,73,2,11
2024-02-21,MED002,Ibuprofen,57,1,85,5,7
2024-02-21,MED003,Amoxicillin,54,1,67,5,10
2024-02-21,MED004,Painkiller,86,1,102,1,3
2024-02-21,MED005,DOLO,22,0,27,5,5
2024-02-24,MED001,Paracetamol,30,0,30,3,2
2024-02-24,MED002,Ibuprofen,32,0,52,4,1
2024-02-24,MED003,Amoxicillin,23,1,46,6,2
2024-02-24,MED004,Painkiller,33,1,62,1,2
2024-02-24,MED005,DOLO,69,1,73,1,12
2024-02-29,MED001,Paracetamol,56,1,86,1,3
2024-02-29,MED002,Ibuprofen,87,0,78,0,11
2024-02-29,MED003,Amoxicillin,65,1,85,3,9
2024-02-29,MED004,Painkiller,54,1,52,5,9
2024-02-29,MED005,DOLO,42,1,72,5,11
2024-03-01,MED001,Paracetamol,92,1,115,5,11
2024-03-01,MED002,Ibuprofen,88,1,100,3,9
2024-03-01,MED003,Amoxicillin,49,0,67,2,6
2024-03-01,MED004,Painkiller,72,1,71,2,1
2024-03-01,MED005,DOLO,20,0,32,2,8
2024-03-02,MED001,Paracetamol,88,0,109,6,8
2024-03-02,MED002,Ibuprofen,58,0,75,6,5
2024-03-02,MED003,Amoxicillin,96,0,86,4,6
2024-03-02,MED004,Painkiller,44,1,69,3,7
2024-03-02,MED005,DOLO,51,0,65,6,7
2024-03-06,MED001,Paracetamol,48,1,43,3,11
2024-03-06,MED002,Ibuprofen,50,1,58,5,12
2024-03-06,MED003,Amoxicillin,88,1,104,1,2
2024-03-06,MED004,Painkiller,43,0,51,0,11
2024-03-06,MED005,DOLO,78,1,85,5,10
2024-03-08,MED001,Paracetamol,82,0,92,0,3
2024-03-08,MED002,Ibuprofen,26,0,27,0,5
2024-03-08,MED003,Amoxicillin,54,0,72,5,1
2024-03-08,MED004,Painkiller,49,0,48,0,8
2024-03-08,MED005,DOLO,47,1,63,2,8
2024-03-11,MED001,Paracetamol,67,1,59,2,2
2024-03-11,MED002,Ibuprofen,38,0,45,6,7
2024-03-11,MED003,Amoxicillin,29,1,30,1,5
2024-03-11,MED004,Painkiller,68,0,65,6,12
2024-03-11,MED005,DOLO,51,1,69,1,12
2024-03-14,MED001,Paracetamol,24,0,43,5,2
2024-03-14,MED002,Ibuprofen,86,0,106,3,11
2024-03-14,MED003,Amoxicillin,59,1,59,5,12
2024-03-14,MED004,Painkiller,25,0,31,3,11
2024-03-14,MED005,DOLO,58,0,71,0,11
2024-03-18,MED001,Paracetamol,47,0,52,5,7
2024-03-18,MED002,Ibuprofen,61,0,61,6,5
2024-03-18,MED003,Amoxicillin,94,0,109,6,4
2024-03-18,MED004,Painkiller,21,0,48,6,12
2024-03-18,MED005,DOLO,80,0,93,6,2
2024-03-21,MED001,Paracetamol,51,0,72,0,11
2024-03-21,MED002,Ibuprofen,99,1,129,0,1
2024-03-21,MED003,Amoxicillin,65,0,89,6,2
2024-03-21,MED004,Painkiller,36,1,40,2,9
2024-03-21,MED005,DOLO,64,1,66,0,12
2024-03-22,MED001,Paracetamol,68,1,66,2,1
2024-03-22,MED002,Ibuprofen,82,1,107,2,9
2024-03-22,MED003,Amoxicillin,82,0,108,1,9
2024-03-22,MED004,Painkiller,64,1,83,2,10
2024-03-22,MED005,DOLO,90,0,84,4,3
2024-03-26,MED001,Paracetamol,77,1,83,4,6
2024-03-26,MED002,Ibuprofen,78,0,108,4,7
2024-03-26,MED003,Amoxicillin,43,0,72,6,6
2024-03-26,MED004,Painkiller,99,0,109,5,2
2024-03-26,MED005,DOLO,88,1,90,4,11
2024-03-27,MED001,Paracetamol,83,0,112,2,6
2024-03-27,MED002,Ibuprofen,72,1,69,0,9
2024-03-27,MED003,Amoxicillin,28,0,26,1,1
2024-03-27,MED004,Painkiller,45,0,66,1,2
2024-03-27,MED005,DOLO,24,1,45,4,10
2024-04-01,MED001,Paracetamol,95,1,88,2,4
2024-04-01,MED002,Ibuprofen,97,0,87,1,11
2024-04-01,MED003,Amoxicillin,82,0,101,6,11
2024-04-01,MED004,Painkiller,27,1,52,5,7
2024-04-01,MED005,DOLO,67,0,96,2,9
2024-04-06,MED001,Paracetamol,25,0,34,0,4
2024-04-06,MED002,Ibuprofen,86,0,82,5,4
2024-04-06,MED003,Amoxicillin,88,1,90,1,9
2024-04-06,MED004,Painkiller,51,0,76,5,9
2024-04-06,MED005,DOLO,73,0,103,4,6
2024-04-08,MED001,Paracetamol,78,1,74,1,3
2024-04-08,MED002,Ibuprofen,90,1,112,2,11
2024-04-08,MED003,Amoxicillin,40,1,52,2,9
2024-04-08,MED004,Painkiller,61,1,77,6,11
2024-04-08,MED005,DOLO,75,1,103,1,10
2024-04-11,MED001,Paracetamol,89,0,103,6,9
2024-04-11,MED002,Ibuprofen,52,1,70,3,7
2024-04-11,MED003,Amoxicillin,20,0,28,4,1
2024-04-11,MED004,Painkiller,86,0,95,0,5
2024-04-11,MED005,DOLO,48,0,58,0,12
2024-04-16,MED001,Paracetamol,55,0,51,0,8
2024-04-16,MED002,Ibuprofen,65,0,63,2,6
2024-04-16,MED003,Amoxicillin,94,0,98,2,5
2024-04-16,MED004,Painkiller,31,1,57,1,12
2024-04-16,MED005,DOLO,29,1,49,1,8
2024-04-19,MED001,Paracetamol,93,0,121,5,5
2024-04-19,MED002,Ibuprofen,24,1,19,6,1
2024-04-19,MED003,Amoxicillin,62,1,79,3,2
2024-04-19,MED004,Painkiller,49,0,79,6,11
2024-04-19,MED005,DOLO,68,0,77,4,1
2024-04-20,MED001,Paracetamol,60,0,70,4,12
2024-04-20,MED002,Ibuprofen,48,0,41,5,12
2024-04-20,MED003,Amoxicillin,70,1,98,4,9
2024-04-20,MED004,Painkiller,31,0,48,2,7
2024-04-20,MED005,DOLO,38,0,49,0,8
2024-04-24,MED001,Paracetamol,93,0,118,3,5
2024-04-24,MED002,Ibuprofen,30,1,52,3,12
2024-04-24,MED003,Amoxicillin,36,0,56,4,4
2024-04-24,MED004,Painkiller,82,1,108,1,9
2024-04-24,MED005,DOLO,98,0,103,0,5
2024-04-29,MED001,Paracetamol,75,1,101,0,2
2024-04-29,MED002,Ibuprofen,72,1,85,2,4
2024-04-29,MED003,Amoxicillin,61,1,89,5,1
2024-04-29,MED004,Painkiller,59,0,71,4,8
2024-04-29,MED005,DOLO,99,0,117,0,4
2024-05-03,MED001,Paracetamol,45,1,44,6,12
2024-05-03,MED002,Ibuprofen,30,0,23,1,10
2024-05-03,MED003,Amoxicillin,38,1,28,2,12
2024-05-03,MED004,Painkiller,34,1,52,3,1
2024-05-03,MED005,DOLO,62,0,86,1,4
2024-05-08,MED001,Paracetamol,89,1,114,3,10
2024-05-08,MED002,Ibuprofen,38,0,52,4,11
2024-05-08,MED003,Amoxicillin,87,0,93,1,1
2024-05-08,MED004,Painkiller,56,0,85,2,1
2024-05-08,MED005,DOLO,79,0,73,3,11
2024-05-11,MED001,Paracetamol,54,1,50,0,5
2024-05-11,MED002,Ibuprofen,69,0,83,4,12
2024-05-11,MED003,Amoxicillin,32,1,53,6,10
2024-05-11,MED004,Painkiller,88,0,89,1,9
2024-05-11,MED005,DOLO,78,0,70,1,9
2024-05-16,MED001,Paracetamol,59,1,80,3,12
2024-05-16,MED002,Ibuprofen,40,0,52,5,6
2024-05-16,MED003,Amoxicillin,65,1,70,4,5
2024-05-16,MED004,Painkiller,27,1,41,6,1
2024-05-16,MED005,DOLO,91,1,95,1,6
2024-05-21,MED001,Paracetamol,70,0,65,5,7
2024-05-21,MED002,Ibuprofen,86,0,102,1,10
2024-05-21,MED003,Amoxicillin,39,1,48,4,6
2024-05-21,MED004,Painkiller,77,0,80,5,3
2024-05-21,MED005,DOLO,94,0,92,2,12
2024-05-22,MED001,Paracetamol,87,0,104,6,3
2024-05-22,MED002,Ibuprofen,92,0,102,0,9
2024-05-22,MED003,Amoxicillin,88,0,89,2,3
2024-05-22,MED004,Painkiller,23,1,39,3,5
2024-05-22,MED005,DOLO,76,1,75,6,4
2024-05-24,MED001,Paracetamol,33,0,34,0,10
2024-05-24,MED002,Ibuprofen,98,1,126,4,10
2024-05-24,MED003,Amoxicillin,49,0,53,5,1
2024-05-24,MED004,Painkiller,65,0,85,1,9
2024-05-24,MED005,DOLO,97,1,110,1,7
2024-05-25,MED001,Paracetamol,82,1,80,1,4
2024-05-25,MED002,Ibuprofen,48,0,64,6,1
2024-05-25,MED003,Amoxicillin,54,1,58,5,11
2024-05-25,MED004,Painkiller,45,0,39,1,8
2024-05-25,MED005,DOLO,98,1,108,6,8
2024-05-29,MED001,Paracetamol,51,1,66,6,1
2024-05-29,MED002,Ibuprofen,97,1,107,3,10
2024-05-29,MED003,Amoxicillin,93,0,116,0,8
2024-05-29,MED004,Painkiller,78,0,83,4,9
2024-05-29,MED005,DOLO,70,0,95,3,9
2024-06-01,MED001,Paracetamol,100,0,102,2,8
2024-06-01,MED002,Ibuprofen,70,1,78,3,3
2024-06-01,MED003,Amoxicillin,74,1,103,0,12
2024-06-01,MED004,Painkiller,86,0,105,6,11
2024-06-01,MED005,DOLO,77,0,99,0,3
2024-06-04,MED001,Paracetamol,94,0,109,3,6
2024-06-04,MED002,Ibuprofen,77,0,78,3,10
2024-06-04,MED003,Amoxicillin,45,1,40,2,6
2024-06-04,MED004,Painkiller,40,0,35,0,12
2024-06-04,MED005,DOLO,77,1,72,4,12
2024-06-09,MED001,Paracetamol,69,0,83,4,7
2024-06-09,MED002,Ibuprofen,25,0,36,4,11
2024-06-09,MED003,Amoxicillin,39,0,38,1,12
2024-06-09,MED004,Painkiller,26,1,35,2,12
2024-06-09,MED005,DOLO,77,1,107,1,2
2024-06-12,MED001,Paracetamol,36,0,26,4,5
2024-06-12,MED002,Ibuprofen,21,1,42,6,8
2024-06-12,MED003,Amoxicillin,89,0,117,3,4
2024-06-12,MED004,Painkiller,47,1,66,3,8
2024-06-12,MED005,DOLO,30,0,35,4,5
2024-06-14,MED001,Paracetamol,99,0,92,1,3
2024-06-14,MED002,Ibuprofen,27,1,19,1,1
2024-06-14,MED003,Amoxicillin,93,1,104,0,1
2024-06-14,MED004,Painkiller,33,1,34,1,11
2024-06-14,MED005,DOLO,56,0,75,5,10
2024-06-16,MED001,Paracetamol,66,0,61,6,5
2024-06-16,MED002,Ibuprofen,61,1,75,6,2
2024-06-16,MED003,Amoxicillin,74,0,82,3,3
2024-06-16,MED004,Painkiller,35,1,46,4,7
2024-06-16,MED005,DOLO,87,0,90,4,1
2024-06-21,MED001,Paracetamol,33,0,53,5,12
2024-06-21,MED002,Ibuprofen,97,1,114,4,6
2024-06-21,MED003,Amoxicillin,53,1,51,4,10
2024-06-21,MED004,Painkiller,83,1,104,6,3
2024-06-21,MED005,DOLO,98,0,106,1,1
2024-06-26,MED001,Paracetamol,35,0,54,5,2
2024-06-26,MED002,Ibuprofen,46,1,62,0,6
2024-06-26,MED003,Amoxicillin,64,0,54,5,4
2024-06-26,MED004,Painkiller,56,1,50,2,5
2024-06-26,MED005,DOLO,84,1,74,0,11
2024-06-30,MED001,Paracetamol,62,1,77,5,10
2024-06-30,MED002,Ibuprofen,98,0,99,1,6
2024-06-30,MED003,Amoxicillin,63,1,83,6,1
2024-06-30,MED004,Painkiller,37,1,36,5,8
2024-06-30,MED005,DOLO,88,1,107,6,7
2024-07-05,MED001,Paracetamol,27,1,53,5,11
2024-07-05,MED002,Ibuprofen,60,0,63,4,11
2024-07-05,MED003,Amoxicillin,62,1,56,1,5
2024-07-05,MED004,Painkiller,23,1,37,5,9
2024-07-05,MED005,DOLO,41,1,42,4,2
2024-07-06,MED001,Paracetamol,59,1,51,2,7
2024-07-06,MED002,Ibuprofen,31,1,36,2,8
2024-07-06,MED003,Amoxicillin,58,0,81,2,3
2024-07-06,MED004,Painkiller,34,1,26,6,4
2024-07-06,MED005,DOLO,31,1,53,0,8
2024-07-07,MED001,Paracetamol,84,0,86,2,8
2024-07-07,MED002,Ibuprofen,87,1,97,1,2
2024-07-07,MED003,Amoxicillin,86,0,89,5,1
2024-07-07,MED004,Painkiller,78,1,101,0,1
2024-07-07,MED005,DOLO,59,0,87,6,2
2024-07-08,MED001,Paracetamol,62,1,54,0,9
2024-07-08,MED002,Ibuprofen,59,0,85,6,5
2024-07-08,MED003,Amoxicillin,46,1,48,1,5
2024-07-08,MED004,Painkiller,55,1,73,5,2
2024-07-08,MED005,DOLO,54,0,54,2,2
2024-07-10,MED001,Paracetamol,21,0,24,4,6
2024-07-10,MED002,Ibuprofen,90,1,97,1,12
2024-07-10,MED003,Amoxicillin,56,0,56,0,5
2024-07-10,MED004,Painkiller,98,1,122,3,1
2024-07-10,MED005,DOLO,36,0,56,5,1
2024-07-13,MED001,Paracetamol,33,1,26,0,7
2024-07-13,MED002,Ibuprofen,70,0,98,4,11
2024-07-13,MED003,Amoxicillin,77,1,86,2,4
2024-07-13,MED004,Painkiller,88,0,107,4,3
2024-07-13,MED005,DOLO,31,1,27,3,5
2024-07-17,MED001,Paracetamol,79,1,83,1,3
2024-07-17,MED002,Ibuprofen,98,1,111,3,3
2024-07-17,MED003,Amoxicillin,62,1,81,3,1
2024-07-17,MED004,Painkiller,28,1,25,2,8
2024-07-17,MED005,DOLO,79,0,87,6,6
2024-07-22,MED001,Paracetamol,97,0,119,0,7
2024-07-22,MED002,Ibuprofen,33,1,58,5,2
2024-07-22,MED003,Amoxicillin,58,1,73,4,7
2024-07-22,MED004,Painkiller,50,0,75,1,8
2024-07-22,MED005,DOLO,69,0,80,1,12
2024-07-26,MED001,Paracetamol,95,1,112,4,6
2024-07-26,MED002,Ibuprofen,89,0,90,5,11
2024-07-26,MED003,Amoxicillin,29,1,26,4,10
2024-07-26,MED004,Painkiller,79,1,104,0,8
2024-07-26,MED005,DOLO,42,1,57,0,10
2024-07-28,MED001,Paracetamol,33,1,43,3,11
2024-07-28,MED002,Ibuprofen,27,0,30,6,3
2024-07-28,MED003,Amoxicillin,94,0,93,5,3
2024-07-28,MED004,Painkiller,77,1,91,4,10
2024-07-28,MED005,DOLO,77,0,80,5,6
2024-08-02,MED001,Paracetamol,58,1,75,5,6
2024-08-02,MED002,Ibuprofen,31,0,60,4,7
2024-08-02,MED003,Amoxicillin,36,1,29,2,9
2024-08-02,MED004,Painkiller,26,0,51,6,6
2024-08-02,MED005,DOLO,34,1,25,1,7
2024-08-07,MED001,Paracetamol,95,1,125,2,12
2024-08-07,MED002,Ibuprofen,68,1,82,3,9
2024-08-07,MED003,Amoxicillin,47,0,67,1,4
2024-08-07,MED004,Painkiller,91,1,104,6,7
2024-08-07,MED005,DOLO,39,1,37,1,1
2024-08-09,MED001,Paracetamol,29,0,28,5,8
2024-08-09,MED002,Ibuprofen,75,0,70,1,11
2024-08-09,MED003,Amoxicillin,73,1,101,3,10
2024-08-09,MED004,Painkiller,43,1,65,3,9
2024-08-09,MED005,DOLO,77,1,89,1,3
2024-08-12,MED001,Paracetamol,74,0,100,3,12
2024-08-12,MED002,Ibuprofen,50,1,66,4,10
2024-08-12,MED003,Amoxicillin,66,0,58,4,8
2024-08-12,MED004,Painkiller,67,0,94,3,12
2024-08-12,MED005,DOLO,30,0,53,6,5
2024-08-17,MED001,Paracetamol,79,0,102,4,2
2024-08-17,MED002,Ibuprofen,51,1,81,5,11
2024-08-17,MED003,Amoxicillin,29,1,58,0,6
2024-08-17,MED004,Painkiller,88,0,108,3,9
2024-08-17,MED005,DOLO,80,1,96,2,5
2024-08-20,MED001,Paracetamol,57,0,49,5,10
2024-08-20,MED002,Ibuprofen,58,1,51,5,8
2024-08-20,MED003,Amoxicillin,94,0,120,0,11
2024-08-20,MED004,Painkiller,57,0,65,3,2
2024-08-20,MED005,DOLO,36,0,43,2,3
2024-08-22,MED001,Paracetamol,98,1,105,6,5
2024-08-22,MED002,Ibuprofen,21,0,49,1,10
2024-08-22,MED003,Amoxicillin,39,1,52,6,3
2024-08-22,MED004,Painkiller,53,0,74,1,9
2024-08-22,MED005,DOLO,24,1,19,1,10
2024-08-26,MED001,Paracetamol,39,1,55,6,7
2024-08-26,MED002,Ibuprofen,50,1,80,1,4
2024-08-26,MED003,Amoxicillin,93,1,86,5,5
2024-08-26,MED004,Painkiller,34,0,34,3,7
2024-08-26,MED005,DOLO,80,1,100,5,9
2024-08-31,MED001,Paracetamol,49,1,63,3,5
2024-08-31,MED002,Ibuprofen,38,1,28,2,8
2024-08-31,MED003,Amoxicillin,68,1,91,5,1
2024-08-31,MED004,Painkiller,32,1,49,4,11
2024-08-31,MED005,DOLO,54,1,61,2,2
2024-09-03,MED001,Paracetamol,52,1,71,6,11
2024-09-03,MED002,Ibuprofen,50,0,73,2,11
2024-09-03,MED003,Amoxicillin,43,1,68,0,11
2024-09-03,MED004,Painkiller,21,0,11,3,2
2024-09-03,MED005,DOLO,87,0,105,2,4
2024-09-08,MED001,Paracetamol,56,1,58,0,1
2024-09-08,MED002,Ibuprofen,99,0,92,4,11
2024-09-08,MED003,Amoxicillin,47,0,44,0,10
2024-09-08,MED004,Painkiller,36,1,62,6,3
2024-09-08,MED005,DOLO,34,0,40,2,8
2024-09-11,MED001,Paracetamol,29,1,36,6,7
2024-09-11,MED002,Ibuprofen,61,1,61,6,2
2024-09-11,MED003,Amoxicillin,55,0,69,3,6
2024-09-11,MED004,Painkiller,27,1,33,1,8
2024-09-11,MED005,DOLO,28,1,30,4,7
2024-09-16,MED001,Paracetamol,42,1,38,1,9
2024-09-16,MED002,Ibuprofen,75,0,104,5,2
2024-09-16,MED003,Amoxicillin,76,1,72,0,2
2024-09-16,MED004,Painkiller,29,1,47,0,8
2024-09-16,MED005,DOLO,39,0,31,5,7
2024-09-21,MED001,Paracetamol,54,0,65,3,10
2024-09-21,MED002,Ibuprofen,20,1,40,3,7
2024-09-21,MED003,Amoxicillin,28,0,18,3,12
2024-09-21,MED004,Painkiller,81,0,107,4,6
2024-09-21,MED005,DOLO,62,1,77,0,11
2024-09-26,MED001,Paracetamol,31,1,55,6,6
2024-09-26,MED002,Ibuprofen,30,1,38,5,4
2024-09-26,MED003,Amoxicillin,42,0,56,5,4
2024-09-26,MED004,Painkiller,58,1,54,5,12
2024-09-26,MED005,DOLO,65,1,60,5,8
2024-09-30,MED001,Paracetamol,44,0,36,1,1
2024-09-30,MED002,Ibuprofen,95,0,116,3,2
2024-09-30,MED003,Amoxicillin,89,1,110,4,8
2024-09-30,MED004,Painkiller,22,0,33,0,6
2024-09-30,MED005,DOLO,25,1,22,1,11
2024-10-05,MED001,Paracetamol,86,1,110,1,12
2024-10-05,MED002,Ibuprofen,94,0,88,0,12
2024-10-05,MED003,Amoxicillin,38,1,29,3,10
2024-10-05,MED004,Painkiller,25,0,23,0,3
2024-10-05,MED005,DOLO,100,0,109,6,2
2024-10-08,MED001,Paracetamol,78,0,105,0,2
2024-10-08,MED002,Ibuprofen,34,1,62,6,10
2024-10-08,MED003,Amoxicillin,48,0,50,3,6
2024-10-08,MED004,Painkiller,71,1,68,5,10
2024-10-08,MED005,DOLO,89,0,99,6,4
2024-10-12,MED001,Paracetamol,25,0,36,0,2
2024-10-12,MED002,Ibuprofen,55,0,71,1,12
2024-10-12,MED003,Amoxicillin,67,0,85,1,10
2024-10-12,MED004,Painkiller,25,0,21,6,11
2024-10-12,MED005,DOLO,98,1,98,0,8
2024-10-13,MED001,Paracetamol,30,0,20,1,2
2024-10-13,MED002,Ibuprofen,95,1,111,5,8
2024-10-13,MED003,Amoxicillin,36,0,35,5,5
2024-10-13,MED004,Painkiller,86,1,102,1,3
2024-10-13,MED005,DOLO,98,0,126,1,12
2024-10-16,MED001,Paracetamol,83,0,113,6,5
2024-10-16,MED002,Ibuprofen,64,1,54,4,4
2024-10-16,MED003,Amoxicillin,44,0,67,0,10
2024-10-16,MED004,Painkiller,66,0,85,6,11
2024-10-16,MED005,DOLO,46,1,39,1,2
2024-10-19,MED001,Paracetamol,39,1,60,1,3
2024-10-19,MED002,Ibuprofen,25,0,38,2,4
2024-10-19,MED003,Amoxicillin,75,1,86,4,8
2024-10-19,MED004,Painkiller,25,0,18,4,3
2024-10-19,MED005,DOLO,40,0,61,4,2
2024-10-20,MED001,Paracetamol,29,0,47,4,10
2024-10-20,MED002,Ibuprofen,61,1,63,5,11
2024-10-20,MED003,Amoxicillin,61,0,58,2,4
2024-10-20,MED004,Painkiller,32,0,48,6,4
2024-10-20,MED005,DOLO,68,0,62,3,10
2024-10-24,MED001,Paracetamol,82,0,99,1,4
2024-10-24,MED002,Ibuprofen,98,1,99,3,6
2024-10-24,MED003,Amoxicillin,37,1,39,5,6
2024-10-24,MED004,Painkiller,54,0,65,1,1
2024-10-24,MED005,DOLO,92,0,99,1,2
2024-10-29,MED001,Paracetamol,79,1,95,1,6
2024-10-29,MED002,Ibuprofen,48,1,76,1,11
2024-10-29,MED003,Amoxicillin,98,0,124,4,4
2024-10-29,MED004,Painkiller,31,1,54,3,4
2024-10-29,MED005,DOLO,95,1,114,2,1
2024-11-01,MED001,Paracetamol,74,0,79,2,7
2024-11-01,MED002,Ibuprofen,94,0,121,1,10
2024-11-01,MED003,Amoxicillin,20,1,12,0,8
2024-11-01,MED004,Painkiller,84,0,101,4,7
2024-11-01,MED005,DOLO,81,0,99,3,4
2024-11-02,MED001,Paracetamol,30,0,46,1,3
2024-11-02,MED002,Ibuprofen,65,1,70,5,2
2024-11-02,MED003,Amoxicillin,22,1,31,1,12
2024-11-02,MED004,Painkiller,78,0,97,3,3
2024-11-02,MED005,DOLO,71,0,84,5,8
2024-11-07,MED001,Paracetamol,20,0,34,5,6
2024-11-07,MED002,Ibuprofen,87,0,95,3,5
2024-11-07,MED003,Amoxicillin,98,0,93,4,6
2024-11-07,MED004,Painkiller,27,1,20,0,7
2024-11-07,MED005,DOLO,66,1,95,0,6
2024-11-11,MED001,Paracetamol,66,0,91,5,2
2024-11-11,MED002,Ibuprofen,91,0,89,2,4
2024-11-11,MED003,Amoxicillin,89,0,109,5,10
2024-11-11,MED004,Painkiller,46,0,56,2,5
2024-11-11,MED005,DOLO,84,1,91,0,2
2024-11-14,MED001,Paracetamol,67,1,85,3,9
2024-11-14,MED002,Ibuprofen,87,0,107,5,9
2024-11-14,MED003,Amoxicillin,88,1,106,4,6
2024-11-14,MED004,Painkiller,28,0,47,0,2
2024-11-14,MED005,DOLO,70,0,78,0,2
2024-11-19,MED001,Paracetamol,41,1,38,5,3
2024-11-19,MED002,Ibuprofen,83,0,86,4,11
2024-11-19,MED003,Amoxicillin,22,1,38,5,9
2024-11-19,MED004,Painkiller,36,1,48,3,8
2024-11-19,MED005,DOLO,22,1,24,0,1
2024-11-24,MED001,Paracetamol,49,1,65,4,6
2024-11-24,MED002,Ibuprofen,61,1,88,5,12
2024-11-24,MED003,Amoxicillin,87,1,106,2,10
2024-11-24,MED004,Painkiller,36,1,36,6,5
2024-11-24,MED005,DOLO,49,1,62,2,1
2024-11-26,MED001,Paracetamol,38,1,46,3,3
2024-11-26,MED002,Ibuprofen,99,0,123,2,3
2024-11-26,MED003,Amoxicillin,42,0,42,1,2
2024-11-26,MED004,Painkiller,25,1,51,1,8
2024-11-26,MED005,DOLO,53,1,54,1,9
2024-11-27,MED001,Paracetamol,24,1,36,1,6
2024-11-27,MED002,Ibuprofen,77,0,101,2,2
2024-11-27,MED003,Amoxicillin,23,1,44,6,3
2024-11-27,MED004,Painkiller,78,1,77,0,12
2024-11-27,MED005,DOLO,89,1,97,3,5
2024-12-02,MED001,Paracetamol,93,0,119,5,8
2024-12-02,MED002,Ibuprofen,63,0,83,0,3
2024-12-02,MED003,Amoxicillin,90,0,99,0,7
2024-12-02,MED004,Painkiller,99,0,117,2,2
2024-12-02,MED005,DOLO,61,0,89,5,4
2024-12-06,MED001,Paracetamol,94,0,101,1,1
2024-12-06,MED002,Ibuprofen,30,1,25,4,7
2024-12-06,MED003,Amoxicillin,44,1,54,4,10
2024-12-06,MED004,Painkiller,85,0,98,3,3
2024-12-06,MED005,DOLO,74,1,88,2,1
2024-12-08,MED001,Paracetamol,56,1,68,2,8
2024-12-08,MED002,Ibuprofen,91,0,94,5,8
2024-12-08,MED003,Amoxicillin,73,1,81,1,12
2024-12-08,MED004,Painkiller,74,1,72,6,10
2024-12-08,MED005,DOLO,96,0,95,1,5
2024-12-13,MED001,Paracetamol,80,1,74,4,7
2024-12-13,MED002,Ibuprofen,31,0,47,5,5
2024-12-13,MED003,Amoxicillin,73,0,98,3,12
2024-12-13,MED004,Painkiller,92,0,94,1,7
2024-12-13,MED005,DOLO,57,1,49,6,5
2024-12-18,MED001,Paracetamol,94,1,115,4,12
2024-12-18,MED002,Ibuprofen,79,0,70,6,1
2024-12-18,MED003,Amoxicillin,39,1,48,5,11
2024-12-18,MED004,Painkiller,80,0,88,3,3
2024-12-18,MED005,DOLO,82,0,73,0,5
2024-12-22,MED001,Paracetamol,83,0,111,5,6
2024-12-22,MED002,Ibuprofen,94,1,120,3,5
2024-12-22,MED003,Amoxicillin,100,1,97,2,9
2024-12-22,MED004,Painkiller,93,0,99,1,10
2024-12-22,MED005,DOLO,27,0,37,3,12
2024-12-24,MED001,Paracetamol,37,1,37,0,5
2024-12-24,MED002,Ibuprofen,66,1,96,2,1
2024-12-24,MED003,Amoxicillin,57,1,80,5,2
2024-12-24,MED004,Painkiller,85,0,115,1,2
2024-12-24,MED005,DOLO,96,0,120,2,6
2024-12-26,MED001,Paracetamol,58,1,71,0,9
2024-12-26,MED002,Ibuprofen,94,1,93,0,3
2024-12-26,MED003,Amoxicillin,86,1,99,6,8
2024-12-26,MED004,Painkiller,72,1,72,0,4
2024-12-26,MED005,DOLO,39,0,41,6,9
2024-12-27,MED001,Paracetamol,98,0,114,3,2
2024-12-27,MED002,Ibuprofen,34,0,25,3,6
2024-12-27,MED003,Amoxicillin,59,1,57,6,8
2024-12-27,MED004,Painkiller,96,1,97,5,5
2024-12-27,MED005,DOLO,23,0,27,1,12
2024-12-28,MED001,Paracetamol,38,0,47,1,4
2024-12-28,MED002,Ibuprofen,36,0,53,5,2
2024-12-28,MED003,Amoxicillin,29,0,49,6,7
2024-12-28,MED004,Painkiller,25,0,21,0,11
2024-12-28,MED005,DOLO,85,0,105,0,5
2024-12-29,MED001,Paracetamol,25,0,34,5,1
2024-12-29,MED002,Ibuprofen,32,0,60,1,10
2024-12-29,MED003,Amoxicillin,45,0,57,0,2
2024-12-29,MED004,Painkiller,38,1,65,2,6
2024-12-29,MED005,DOLO,40,0,62,4,2
2024-12-30,MED001,Paracetamol,32,0,55,1,12
2024-12-30,MED002,Ibuprofen,44,1,44,6,9
2024-12-30,MED003,Amoxicillin,20,0,23,4,12
2024-12-30,MED004,Painkiller,80,1,107,1,8
2024-12-30,MED005,DOLO,33,0,45,3,7
2024-12-31,MED001,Paracetamol,47,0,63,0,6
2024-12-31,MED002,Ibuprofen,35,1,32,4,3
2024-12-31,MED003,Amoxicillin,83,1,91,4,12
2024-12-31,MED004,Painkiller,25,0,35,3,2
2024-12-31,MED005,DOLO,69,1,88,4,12
