,Date,Product_ID,Historical_Sales,Promotion,Demand,Day_of_Week,Month
0,2023-01-01,P001,152,0,165,6,1
1,2023-01-01,P002,142,1,185,6,1
2,2023-01-01,P003,64,0,82,6,1
3,2023-01-02,P001,156,0,191,0,1
4,2023-01-02,P002,121,0,152,0,1
5,2023-01-02,P003,70,0,89,0,1
6,2023-01-03,P001,152,1,172,1,1
7,2023-01-03,P002,171,0,209,1,1
8,2023-01-03,P003,124,0,145,1,1
9,2023-01-04,P001,137,1,163,2,1
10,2023-01-04,P002,166,0,189,2,1
11,2023-01-04,P003,149,0,156,2,1
12,2023-01-05,P001,153,0,174,3,1
13,2023-01-05,P002,180,1,207,3,1
14,2023-01-05,P003,199,0,213,3,1
15,2023-01-06,P001,102,1,142,4,1
16,2023-01-06,P002,51,0,66,4,1
17,2023-01-06,P003,137,0,156,4,1
18,2023-01-07,P001,87,1,115,5,1
19,2023-01-07,P002,179,0,175,5,1
20,2023-01-07,P003,70,0,74,5,1
21,2023-01-08,P001,107,1,146,6,1
22,2023-01-08,P002,71,1,97,6,1
23,2023-01-08,P003,138,1,171,6,1
24,2023-01-09,P001,98,1,125,0,1
25,2023-01-09,P002,108,1,135,0,1
26,2023-01-09,P003,64,0,74,0,1
27,2023-01-10,P001,100,1,127,1,1
28,2023-01-10,P002,157,0,187,1,1
29,2023-01-10,P003,104,0,92,1,1
30,2023-01-11,P001,113,0,121,2,1
31,2023-01-11,P002,180,1,209,2,1
32,2023-01-11,P003,100,1,132,2,1
33,2023-01-12,P001,184,0,203,3,1
34,2023-01-12,P002,70,1,113,3,1
35,2023-01-12,P003,122,1,173,3,1
36,2023-01-13,P001,67,1,88,4,1
37,2023-01-13,P002,181,1,222,4,1
38,2023-01-13,P003,138,0,156,4,1
39,2023-01-14,P001,109,0,111,5,1
40,2023-01-14,P002,63,1,98,5,1
41,2023-01-14,P003,58,0,64,5,1
42,2023-01-15,P001,139,1,165,6,1
43,2023-01-15,P002,102,1,129,6,1
44,2023-01-15,P003,179,0,186,6,1
45,2023-01-16,P001,133,0,159,0,1
46,2023-01-16,P002,141,0,177,0,1
47,2023-01-16,P003,160,1,198,0,1
48,2023-01-17,P001,57,0,63,1,1
49,2023-01-17,P002,84,1,116,1,1
50,2023-01-17,P003,130,0,154,1,1
51,2023-01-18,P001,99,0,123,2,1
52,2023-01-18,P002,153,1,187,2,1
53,2023-01-18,P003,181,1,224,2,1
54,2023-01-19,P001,51,1,85,3,1
55,2023-01-19,P002,183,1,209,3,1
56,2023-01-19,P003,103,1,148,3,1
57,2023-01-20,P001,155,1,210,4,1
58,2023-01-20,P002,53,1,92,4,1
59,2023-01-20,P003,103,1,120,4,1
60,2023-01-21,P001,195,0,194,5,1
61,2023-01-21,P002,93,1,129,5,1
62,2023-01-21,P003,63,1,84,5,1
63,2023-01-22,P001,144,0,161,6,1
64,2023-01-22,P002,97,1,145,6,1
65,2023-01-22,P003,64,0,66,6,1
66,2023-01-23,P001,89,0,94,0,1
67,2023-01-23,P002,131,1,166,0,1
68,2023-01-23,P003,160,0,166,0,1
69,2023-01-24,P001,102,1,127,1,1
70,2023-01-24,P002,73,0,80,1,1
71,2023-01-24,P003,173,0,187,1,1
72,2023-01-25,P001,90,0,105,2,1
73,2023-01-25,P002,64,1,121,2,1
74,2023-01-25,P003,94,1,127,2,1
75,2023-01-26,P001,114,0,119,3,1
76,2023-01-26,P002,138,0,168,3,1
77,2023-01-26,P003,120,1,139,3,1
78,2023-01-27,P001,58,1,69,4,1
79,2023-01-27,P002,137,0,144,4,1
80,2023-01-27,P003,178,0,195,4,1
81,2023-01-28,P001,185,1,220,5,1
82,2023-01-28,P002,112,1,142,5,1
83,2023-01-28,P003,188,1,229,5,1
84,2023-01-29,P001,130,1,173,6,1
85,2023-01-29,P002,185,1,224,6,1
86,2023-01-29,P003,82,0,87,6,1
87,2023-01-30,P001,172,1,219,0,1
88,2023-01-30,P002,54,0,54,0,1
89,2023-01-30,P003,90,1,102,0,1
90,2023-01-31,P001,77,0,96,1,1
91,2023-01-31,P002,184,1,233,1,1
92,2023-01-31,P003,121,1,148,1,1
93,2023-02-01,P001,61,0,66,2,2
94,2023-02-01,P002,82,0,81,2,2
95,2023-02-01,P003,97,1,132,2,2
96,2023-02-02,P001,111,1,162,3,2
97,2023-02-02,P002,86,1,121,3,2
98,2023-02-02,P003,148,1,193,3,2
99,2023-02-03,P001,153,1,199,4,2
100,2023-02-03,P002,84,0,95,4,2
101,2023-02-03,P003,150,0,178,4,2
102,2023-02-04,P001,180,1,225,5,2
103,2023-02-04,P002,50,0,69,5,2
104,2023-02-04,P003,54,0,57,5,2
105,2023-02-05,P001,191,0,192,6,2
106,2023-02-05,P002,152,1,197,6,2
107,2023-02-05,P003,76,0,90,6,2
108,2023-02-06,P001,186,1,224,0,2
109,2023-02-06,P002,64,0,67,0,2
110,2023-02-06,P003,139,1,198,0,2
111,2023-02-07,P001,91,0,96,1,2
112,2023-02-07,P002,173,1,201,1,2
113,2023-02-07,P003,112,1,144,1,2
114,2023-02-08,P001,145,0,174,2,2
115,2023-02-08,P002,101,1,156,2,2
116,2023-02-08,P003,145,1,186,2,2
117,2023-02-09,P001,181,1,206,3,2
118,2023-02-09,P002,192,1,250,3,2
119,2023-02-09,P003,78,1,108,3,2
120,2023-02-10,P001,85,1,105,4,2
121,2023-02-10,P002,62,1,77,4,2
122,2023-02-10,P003,120,1,163,4,2
123,2023-02-11,P001,135,0,153,5,2
124,2023-02-11,P002,77,0,88,5,2
125,2023-02-11,P003,115,1,162,5,2
126,2023-02-12,P001,94,1,118,6,2
127,2023-02-12,P002,111,0,135,6,2
128,2023-02-12,P003,183,0,199,6,2
129,2023-02-13,P001,77,0,109,0,2
130,2023-02-13,P002,77,1,110,0,2
131,2023-02-13,P003,157,0,166,0,2
132,2023-02-14,P001,93,1,102,1,2
133,2023-02-14,P002,133,1,174,1,2
134,2023-02-14,P003,79,0,86,1,2
135,2023-02-15,P001,124,1,157,2,2
136,2023-02-15,P002,177,1,225,2,2
137,2023-02-15,P003,141,1,185,2,2
138,2023-02-16,P001,178,1,231,3,2
139,2023-02-16,P002,170,0,175,3,2
140,2023-02-16,P003,76,0,100,3,2
141,2023-02-17,P001,170,1,204,4,2
142,2023-02-17,P002,165,1,181,4,2
143,2023-02-17,P003,52,0,45,4,2
144,2023-02-18,P001,152,1,192,5,2
145,2023-02-18,P002,186,0,197,5,2
146,2023-02-18,P003,111,1,141,5,2
147,2023-02-19,P001,100,1,133,6,2
148,2023-02-19,P002,108,0,119,6,2
149,2023-02-19,P003,167,0,181,6,2
150,2023-02-20,P001,145,0,149,0,2
151,2023-02-20,P002,162,0,178,0,2
152,2023-02-20,P003,111,1,121,0,2
153,2023-02-21,P001,101,0,104,1,2
154,2023-02-21,P002,61,1,77,1,2
155,2023-02-21,P003,88,0,97,1,2
156,2023-02-22,P001,179,0,194,2,2
157,2023-02-22,P002,180,1,227,2,2
158,2023-02-22,P003,162,0,194,2,2
159,2023-02-23,P001,150,0,156,3,2
160,2023-02-23,P002,162,0,201,3,2
161,2023-02-23,P003,130,0,135,3,2
162,2023-02-24,P001,162,1,199,4,2
163,2023-02-24,P002,51,1,84,4,2
164,2023-02-24,P003,179,0,224,4,2
165,2023-02-25,P001,103,0,110,5,2
166,2023-02-25,P002,136,0,134,5,2
167,2023-02-25,P003,178,1,233,5,2
168,2023-02-26,P001,196,1,230,6,2
169,2023-02-26,P002,175,1,211,6,2
170,2023-02-26,P003,179,1,208,6,2
171,2023-02-27,P001,102,0,108,0,2
172,2023-02-27,P002,117,0,120,0,2
173,2023-02-27,P003,172,0,195,0,2
174,2023-02-28,P001,194,1,234,1,2
175,2023-02-28,P002,87,0,88,1,2
176,2023-02-28,P003,73,1,110,1,2
177,2023-03-01,P001,118,1,155,2,3
178,2023-03-01,P002,165,0,166,2,3
179,2023-03-01,P003,147,0,170,2,3
180,2023-03-02,P001,188,0,208,3,3
181,2023-03-02,P002,193,1,249,3,3
182,2023-03-02,P003,146,1,184,3,3
183,2023-03-03,P001,173,0,185,4,3
184,2023-03-03,P002,119,0,128,4,3
185,2023-03-03,P003,142,1,187,4,3
186,2023-03-04,P001,52,0,49,5,3
187,2023-03-04,P002,197,1,232,5,3
188,2023-03-04,P003,196,1,236,5,3
189,2023-03-05,P001,139,0,144,6,3
190,2023-03-05,P002,196,0,208,6,3
191,2023-03-05,P003,197,0,221,6,3
192,2023-03-06,P001,145,0,174,0,3
193,2023-03-06,P002,101,1,134,0,3
194,2023-03-06,P003,177,1,217,0,3
195,2023-03-07,P001,88,1,108,1,3
196,2023-03-07,P002,131,0,155,1,3
197,2023-03-07,P003,153,1,195,1,3
198,2023-03-08,P001,178,0,188,2,3
199,2023-03-08,P002,60,0,74,2,3
200,2023-03-08,P003,91,0,108,2,3
201,2023-03-09,P001,148,0,157,3,3
202,2023-03-09,P002,56,0,63,3,3
203,2023-03-09,P003,193,0,207,3,3
204,2023-03-10,P001,139,1,199,4,3
205,2023-03-10,P002,161,0,185,4,3
206,2023-03-10,P003,109,1,141,4,3
207,2023-03-11,P001,162,1,205,5,3
208,2023-03-11,P002,51,0,72,5,3
209,2023-03-11,P003,178,0,194,5,3
210,2023-03-12,P001,97,0,103,6,3
211,2023-03-12,P002,189,1,236,6,3
212,2023-03-12,P003,86,0,92,6,3
213,2023-03-13,P001,58,1,76,0,3
214,2023-03-13,P002,148,0,150,0,3
215,2023-03-13,P003,196,0,233,0,3
216,2023-03-14,P001,97,1,128,1,3
217,2023-03-14,P002,180,1,212,1,3
218,2023-03-14,P003,197,0,214,1,3
219,2023-03-15,P001,103,1,144,2,3
220,2023-03-15,P002,169,1,202,2,3
221,2023-03-15,P003,165,1,190,2,3
222,2023-03-16,P001,124,1,159,3,3
223,2023-03-16,P002,162,1,210,3,3
224,2023-03-16,P003,153,0,182,3,3
225,2023-03-17,P001,133,0,143,4,3
226,2023-03-17,P002,161,1,212,4,3
227,2023-03-17,P003,148,0,167,4,3
228,2023-03-18,P001,142,0,171,5,3
229,2023-03-18,P002,195,1,240,5,3
230,2023-03-18,P003,177,0,179,5,3
231,2023-03-19,P001,159,1,215,6,3
232,2023-03-19,P002,131,1,164,6,3
233,2023-03-19,P003,103,0,119,6,3
234,2023-03-20,P001,117,1,135,0,3
235,2023-03-20,P002,82,1,118,0,3
236,2023-03-20,P003,191,1,241,0,3
237,2023-03-21,P001,70,1,116,1,3
238,2023-03-21,P002,97,1,140,1,3
239,2023-03-21,P003,197,0,225,1,3
240,2023-03-22,P001,177,0,179,2,3
241,2023-03-22,P002,185,1,224,2,3
242,2023-03-22,P003,184,1,219,2,3
243,2023-03-23,P001,194,0,218,3,3
244,2023-03-23,P002,177,1,202,3,3
245,2023-03-23,P003,82,0,88,3,3
246,2023-03-24,P001,164,1,198,4,3
247,2023-03-24,P002,168,1,202,4,3
248,2023-03-24,P003,71,1,95,4,3
249,2023-03-25,P001,87,1,117,5,3
250,2023-03-25,P002,158,1,199,5,3
251,2023-03-25,P003,100,1,108,5,3
252,2023-03-26,P001,57,1,61,6,3
253,2023-03-26,P002,76,0,80,6,3
254,2023-03-26,P003,76,0,84,6,3
255,2023-03-27,P001,70,0,81,0,3
256,2023-03-27,P002,79,1,99,0,3
257,2023-03-27,P003,146,1,183,0,3
258,2023-03-28,P001,77,1,108,1,3
259,2023-03-28,P002,160,1,188,1,3
260,2023-03-28,P003,110,1,154,1,3
261,2023-03-29,P001,97,1,128,2,3
262,2023-03-29,P002,196,1,241,2,3
263,2023-03-29,P003,53,0,58,2,3
264,2023-03-30,P001,84,1,133,3,3
265,2023-03-30,P002,98,0,116,3,3
266,2023-03-30,P003,66,0,67,3,3
267,2023-03-31,P001,95,1,132,4,3
268,2023-03-31,P002,166,1,189,4,3
269,2023-03-31,P003,55,0,61,4,3
270,2023-04-01,P001,148,0,165,5,4
271,2023-04-01,P002,173,1,211,5,4
272,2023-04-01,P003,86,1,111,5,4
273,2023-04-02,P001,73,0,73,6,4
274,2023-04-02,P002,142,1,168,6,4
275,2023-04-02,P003,95,1,128,6,4
276,2023-04-03,P001,144,1,170,0,4
277,2023-04-03,P002,148,0,180,0,4
278,2023-04-03,P003,165,0,155,0,4
279,2023-04-04,P001,116,0,124,1,4
280,2023-04-04,P002,177,1,215,1,4
281,2023-04-04,P003,67,1,101,1,4
282,2023-04-05,P001,74,0,75,2,4
283,2023-04-05,P002,103,0,127,2,4
284,2023-04-05,P003,107,0,103,2,4
285,2023-04-06,P001,116,1,144,3,4
286,2023-04-06,P002,153,0,174,3,4
287,2023-04-06,P003,73,0,90,3,4
288,2023-04-07,P001,163,1,185,4,4
289,2023-04-07,P002,81,1,135,4,4
290,2023-04-07,P003,135,1,159,4,4
291,2023-04-08,P001,176,0,183,5,4
292,2023-04-08,P002,179,1,224,5,4
293,2023-04-08,P003,66,1,89,5,4
294,2023-04-09,P001,153,0,166,6,4
295,2023-04-09,P002,186,1,230,6,4
296,2023-04-09,P003,92,0,85,6,4
297,2023-04-10,P001,88,0,79,0,4
298,2023-04-10,P002,75,1,99,0,4
299,2023-04-10,P003,148,1,193,0,4
300,2023-04-11,P001,99,1,123,1,4
301,2023-04-11,P002,62,1,107,1,4
302,2023-04-11,P003,109,1,154,1,4
303,2023-04-12,P001,184,1,228,2,4
304,2023-04-12,P002,106,0,119,2,4
305,2023-04-12,P003,85,0,96,2,4
306,2023-04-13,P001,69,1,100,3,4
307,2023-04-13,P002,114,0,121,3,4
308,2023-04-13,P003,57,1,83,3,4
309,2023-04-14,P001,193,0,204,4,4
310,2023-04-14,P002,191,0,187,4,4
311,2023-04-14,P003,164,0,191,4,4
312,2023-04-15,P001,192,1,235,5,4
313,2023-04-15,P002,141,0,158,5,4
314,2023-04-15,P003,147,1,188,5,4
315,2023-04-16,P001,115,0,121,6,4
316,2023-04-16,P002,81,0,79,6,4
317,2023-04-16,P003,135,0,148,6,4
318,2023-04-17,P001,100,0,126,0,4
319,2023-04-17,P002,112,0,114,0,4
320,2023-04-17,P003,174,1,185,0,4
321,2023-04-18,P001,199,1,233,1,4
322,2023-04-18,P002,107,0,132,1,4
323,2023-04-18,P003,107,0,100,1,4
324,2023-04-19,P001,135,0,136,2,4
325,2023-04-19,P002,98,0,110,2,4
326,2023-04-19,P003,119,1,179,2,4
327,2023-04-20,P001,64,0,59,3,4
328,2023-04-20,P002,103,1,119,3,4
329,2023-04-20,P003,150,0,171,3,4
330,2023-04-21,P001,57,1,97,4,4
331,2023-04-21,P002,102,0,105,4,4
332,2023-04-21,P003,109,0,103,4,4
333,2023-04-22,P001,157,1,200,5,4
334,2023-04-22,P002,54,0,65,5,4
335,2023-04-22,P003,152,0,187,5,4
336,2023-04-23,P001,55,0,70,6,4
337,2023-04-23,P002,158,1,202,6,4
338,2023-04-23,P003,165,0,181,6,4
339,2023-04-24,P001,143,0,184,0,4
340,2023-04-24,P002,96,1,121,0,4
341,2023-04-24,P003,148,1,176,0,4
342,2023-04-25,P001,104,1,152,1,4
343,2023-04-25,P002,101,0,99,1,4
344,2023-04-25,P003,193,0,193,1,4
345,2023-04-26,P001,62,0,69,2,4
346,2023-04-26,P002,163,1,199,2,4
347,2023-04-26,P003,173,0,188,2,4
348,2023-04-27,P001,155,0,183,3,4
349,2023-04-27,P002,196,1,229,3,4
350,2023-04-27,P003,194,1,234,3,4
351,2023-04-28,P001,169,1,205,4,4
352,2023-04-28,P002,112,1,134,4,4
353,2023-04-28,P003,68,1,94,4,4
354,2023-04-29,P001,141,0,166,5,4
355,2023-04-29,P002,107,1,161,5,4
356,2023-04-29,P003,139,0,158,5,4
357,2023-04-30,P001,166,0,157,6,4
358,2023-04-30,P002,111,1,144,6,4
359,2023-04-30,P003,72,1,99,6,4
360,2023-05-01,P001,176,1,225,0,5
361,2023-05-01,P002,186,0,206,0,5
362,2023-05-01,P003,189,1,240,0,5
363,2023-05-02,P001,178,1,222,1,5
364,2023-05-02,P002,107,1,156,1,5
365,2023-05-02,P003,171,1,206,1,5
366,2023-05-03,P001,50,1,79,2,5
367,2023-05-03,P002,83,0,102,2,5
368,2023-05-03,P003,145,0,156,2,5
369,2023-05-04,P001,175,0,187,3,5
370,2023-05-04,P002,167,1,197,3,5
371,2023-05-04,P003,97,1,119,3,5
372,2023-05-05,P001,138,1,177,4,5
373,2023-05-05,P002,166,0,167,4,5
374,2023-05-05,P003,178,1,203,4,5
375,2023-05-06,P001,65,1,113,5,5
376,2023-05-06,P002,118,1,142,5,5
377,2023-05-06,P003,71,0,83,5,5
378,2023-05-07,P001,142,1,164,6,5
379,2023-05-07,P002,125,0,138,6,5
380,2023-05-07,P003,193,1,228,6,5
381,2023-05-08,P001,135,0,132,0,5
382,2023-05-08,P002,78,0,99,0,5
383,2023-05-08,P003,118,0,144,0,5
384,2023-05-09,P001,96,1,127,1,5
385,2023-05-09,P002,143,1,190,1,5
386,2023-05-09,P003,193,0,231,1,5
387,2023-05-10,P001,134,0,154,2,5
388,2023-05-10,P002,88,1,121,2,5
389,2023-05-10,P003,149,1,188,2,5
390,2023-05-11,P001,82,0,99,3,5
391,2023-05-11,P002,150,1,184,3,5
392,2023-05-11,P003,72,1,99,3,5
393,2023-05-12,P001,59,1,89,4,5
394,2023-05-12,P002,118,1,145,4,5
395,2023-05-12,P003,149,0,160,4,5
396,2023-05-13,P001,83,1,111,5,5
397,2023-05-13,P002,187,1,240,5,5
398,2023-05-13,P003,196,0,207,5,5
399,2023-05-14,P001,145,0,170,6,5
400,2023-05-14,P002,50,1,82,6,5
401,2023-05-14,P003,118,1,157,6,5
402,2023-05-15,P001,53,1,73,0,5
403,2023-05-15,P002,65,1,77,0,5
404,2023-05-15,P003,73,0,85,0,5
405,2023-05-16,P001,129,0,146,1,5
406,2023-05-16,P002,51,0,66,1,5
407,2023-05-16,P003,177,1,207,1,5
408,2023-05-17,P001,133,1,173,2,5
409,2023-05-17,P002,189,1,241,2,5
410,2023-05-17,P003,173,1,212,2,5
411,2023-05-18,P001,82,0,94,3,5
412,2023-05-18,P002,150,0,171,3,5
413,2023-05-18,P003,61,1,78,3,5
414,2023-05-19,P001,116,0,132,4,5
415,2023-05-19,P002,114,1,161,4,5
416,2023-05-19,P003,123,1,155,4,5
417,2023-05-20,P001,92,0,89,5,5
418,2023-05-20,P002,93,1,115,5,5
419,2023-05-20,P003,78,1,88,5,5
420,2023-05-21,P001,190,0,224,6,5
421,2023-05-21,P002,61,1,94,6,5
422,2023-05-21,P003,144,1,173,6,5
423,2023-05-22,P001,95,0,93,0,5
424,2023-05-22,P002,179,1,211,0,5
425,2023-05-22,P003,84,0,89,0,5
426,2023-05-23,P001,130,1,164,1,5
427,2023-05-23,P002,139,0,156,1,5
428,2023-05-23,P003,57,0,79,1,5
429,2023-05-24,P001,142,0,149,2,5
430,2023-05-24,P002,139,1,157,2,5
431,2023-05-24,P003,164,0,168,2,5
432,2023-05-25,P001,154,0,169,3,5
433,2023-05-25,P002,184,0,195,3,5
434,2023-05-25,P003,107,0,117,3,5
435,2023-05-26,P001,163,0,177,4,5
436,2023-05-26,P002,124,1,169,4,5
437,2023-05-26,P003,169,1,200,4,5
438,2023-05-27,P001,70,1,93,5,5
439,2023-05-27,P002,187,1,232,5,5
440,2023-05-27,P003,150,1,182,5,5
441,2023-05-28,P001,148,1,190,6,5
442,2023-05-28,P002,85,1,116,6,5
443,2023-05-28,P003,145,0,163,6,5
444,2023-05-29,P001,86,1,103,0,5
445,2023-05-29,P002,61,0,82,0,5
446,2023-05-29,P003,162,0,203,0,5
447,2023-05-30,P001,62,1,91,1,5
448,2023-05-30,P002,72,0,68,1,5
449,2023-05-30,P003,148,0,166,1,5
450,2023-05-31,P001,154,0,182,2,5
451,2023-05-31,P002,79,0,80,2,5
452,2023-05-31,P003,66,1,94,2,5
453,2023-06-01,P001,162,1,201,3,6
454,2023-06-01,P002,111,1,154,3,6
455,2023-06-01,P003,133,1,174,3,6
456,2023-06-02,P001,161,1,205,4,6
457,2023-06-02,P002,135,1,164,4,6
458,2023-06-02,P003,190,1,236,4,6
459,2023-06-03,P001,68,1,87,5,6
460,2023-06-03,P002,149,1,192,5,6
461,2023-06-03,P003,189,1,239,5,6
462,2023-06-04,P001,196,0,221,6,6
463,2023-06-04,P002,125,1,156,6,6
464,2023-06-04,P003,58,0,61,6,6
465,2023-06-05,P001,77,0,105,0,6
466,2023-06-05,P002,177,0,191,0,6
467,2023-06-05,P003,101,0,124,0,6
468,2023-06-06,P001,132,1,168,1,6
469,2023-06-06,P002,160,0,172,1,6
470,2023-06-06,P003,193,1,221,1,6
471,2023-06-07,P001,166,1,204,2,6
472,2023-06-07,P002,118,0,133,2,6
473,2023-06-07,P003,148,1,200,2,6
474,2023-06-08,P001,189,0,202,3,6
475,2023-06-08,P002,74,0,104,3,6
476,2023-06-08,P003,172,1,212,3,6
477,2023-06-09,P001,102,1,138,4,6
478,2023-06-09,P002,193,0,206,4,6
479,2023-06-09,P003,106,1,139,4,6
480,2023-06-10,P001,88,1,121,5,6
481,2023-06-10,P002,158,1,203,5,6
482,2023-06-10,P003,91,0,90,5,6
483,2023-06-11,P001,191,0,224,6,6
484,2023-06-11,P002,171,1,214,6,6
485,2023-06-11,P003,182,1,229,6,6
486,2023-06-12,P001,124,1,157,0,6
487,2023-06-12,P002,195,1,225,0,6
488,2023-06-12,P003,125,1,161,0,6
489,2023-06-13,P001,58,0,65,1,6
490,2023-06-13,P002,123,1,141,1,6
491,2023-06-13,P003,194,0,221,1,6
492,2023-06-14,P001,56,1,91,2,6
493,2023-06-14,P002,190,0,204,2,6
494,2023-06-14,P003,186,1,214,2,6
495,2023-06-15,P001,76,0,83,3,6
496,2023-06-15,P002,171,1,208,3,6
497,2023-06-15,P003,54,0,59,3,6
498,2023-06-16,P001,78,0,88,4,6
499,2023-06-16,P002,132,0,150,4,6
500,2023-06-16,P003,185,0,192,4,6
501,2023-06-17,P001,158,0,164,5,6
502,2023-06-17,P002,114,0,101,5,6
503,2023-06-17,P003,135,1,177,5,6
504,2023-06-18,P001,194,0,216,6,6
505,2023-06-18,P002,120,1,162,6,6
506,2023-06-18,P003,94,1,115,6,6
507,2023-06-19,P001,181,1,219,0,6
508,2023-06-19,P002,85,1,118,0,6
509,2023-06-19,P003,119,1,148,0,6
510,2023-06-20,P001,68,0,59,1,6
511,2023-06-20,P002,157,0,193,1,6
512,2023-06-20,P003,140,0,170,1,6
513,2023-06-21,P001,139,1,172,2,6
514,2023-06-21,P002,68,0,79,2,6
515,2023-06-21,P003,88,0,94,2,6
516,2023-06-22,P001,175,0,182,3,6
517,2023-06-22,P002,190,0,230,3,6
518,2023-06-22,P003,175,0,178,3,6
519,2023-06-23,P001,107,1,134,4,6
520,2023-06-23,P002,197,0,220,4,6
521,2023-06-23,P003,110,1,160,4,6
522,2023-06-24,P001,176,1,222,5,6
523,2023-06-24,P002,154,1,175,5,6
524,2023-06-24,P003,50,1,74,5,6
525,2023-06-25,P001,180,1,218,6,6
526,2023-06-25,P002,141,0,152,6,6
527,2023-06-25,P003,162,0,187,6,6
528,2023-06-26,P001,105,0,101,0,6
529,2023-06-26,P002,166,1,198,0,6
530,2023-06-26,P003,183,0,209,0,6
531,2023-06-27,P001,107,0,124,1,6
532,2023-06-27,P002,93,1,126,1,6
533,2023-06-27,P003,110,1,141,1,6
534,2023-06-28,P001,96,1,127,2,6
535,2023-06-28,P002,198,1,248,2,6
536,2023-06-28,P003,129,0,142,2,6
537,2023-06-29,P001,167,1,193,3,6
538,2023-06-29,P002,196,1,223,3,6
539,2023-06-29,P003,69,0,61,3,6
540,2023-06-30,P001,195,0,229,4,6
541,2023-06-30,P002,96,1,136,4,6
542,2023-06-30,P003,98,0,106,4,6
543,2023-07-01,P001,63,1,84,5,7
544,2023-07-01,P002,192,1,225,5,7
545,2023-07-01,P003,50,0,68,5,7
546,2023-07-02,P001,166,0,204,6,7
547,2023-07-02,P002,103,1,127,6,7
548,2023-07-02,P003,167,1,218,6,7
549,2023-07-03,P001,52,1,77,0,7
550,2023-07-03,P002,193,0,210,0,7
551,2023-07-03,P003,61,1,105,0,7
552,2023-07-04,P001,123,1,158,1,7
553,2023-07-04,P002,65,1,94,1,7
554,2023-07-04,P003,151,1,188,1,7
555,2023-07-05,P001,166,1,189,2,7
556,2023-07-05,P002,57,0,65,2,7
557,2023-07-05,P003,171,1,205,2,7
558,2023-07-06,P001,141,1,160,3,7
559,2023-07-06,P002,139,1,170,3,7
560,2023-07-06,P003,185,1,218,3,7
561,2023-07-07,P001,109,0,130,4,7
562,2023-07-07,P002,77,0,77,4,7
563,2023-07-07,P003,150,0,157,4,7
564,2023-07-08,P001,90,1,121,5,7
565,2023-07-08,P002,194,1,223,5,7
566,2023-07-08,P003,190,0,202,5,7
567,2023-07-09,P001,95,0,87,6,7
568,2023-07-09,P002,84,0,101,6,7
569,2023-07-09,P003,183,1,221,6,7
570,2023-07-10,P001,131,1,166,0,7
571,2023-07-10,P002,164,0,192,0,7
572,2023-07-10,P003,96,0,98,0,7
573,2023-07-11,P001,59,0,61,1,7
574,2023-07-11,P002,105,1,124,1,7
575,2023-07-11,P003,79,1,96,1,7
576,2023-07-12,P001,158,1,187,2,7
577,2023-07-12,P002,54,0,54,2,7
578,2023-07-12,P003,168,0,180,2,7
579,2023-07-13,P001,82,1,113,3,7
580,2023-07-13,P002,167,0,177,3,7
581,2023-07-13,P003,114,1,148,3,7
582,2023-07-14,P001,195,0,219,4,7
583,2023-07-14,P002,60,0,61,4,7
584,2023-07-14,P003,134,0,139,4,7
585,2023-07-15,P001,75,0,83,5,7
586,2023-07-15,P002,112,1,144,5,7
587,2023-07-15,P003,135,0,150,5,7
588,2023-07-16,P001,108,1,154,6,7
589,2023-07-16,P002,76,1,104,6,7
590,2023-07-16,P003,147,1,175,6,7
591,2023-07-17,P001,154,0,160,0,7
592,2023-07-17,P002,148,1,174,0,7
593,2023-07-17,P003,178,1,201,0,7
594,2023-07-18,P001,198,1,247,1,7
595,2023-07-18,P002,104,0,92,1,7
596,2023-07-18,P003,55,0,65,1,7
597,2023-07-19,P001,144,1,172,2,7
598,2023-07-19,P002,182,0,198,2,7
599,2023-07-19,P003,151,1,180,2,7
600,2023-07-20,P001,52,1,94,3,7
601,2023-07-20,P002,72,0,79,3,7
602,2023-07-20,P003,102,1,143,3,7
603,2023-07-21,P001,132,0,161,4,7
604,2023-07-21,P002,194,0,215,4,7
605,2023-07-21,P003,134,1,158,4,7
606,2023-07-22,P001,127,0,140,5,7
607,2023-07-22,P002,159,0,167,5,7
608,2023-07-22,P003,50,1,69,5,7
609,2023-07-23,P001,100,1,129,6,7
610,2023-07-23,P002,53,0,59,6,7
611,2023-07-23,P003,162,0,185,6,7
612,2023-07-24,P001,81,1,114,0,7
613,2023-07-24,P002,83,0,89,0,7
614,2023-07-24,P003,141,0,162,0,7
615,2023-07-25,P001,144,0,152,1,7
616,2023-07-25,P002,121,0,149,1,7
617,2023-07-25,P003,88,0,91,1,7
618,2023-07-26,P001,167,0,195,2,7
619,2023-07-26,P002,52,0,45,2,7
620,2023-07-26,P003,172,1,205,2,7
621,2023-07-27,P001,99,1,125,3,7
622,2023-07-27,P002,61,1,89,3,7
623,2023-07-27,P003,103,1,144,3,7
624,2023-07-28,P001,182,1,207,4,7
625,2023-07-28,P002,106,0,105,4,7
626,2023-07-28,P003,194,0,199,4,7
627,2023-07-29,P001,161,0,190,5,7
628,2023-07-29,P002,96,0,108,5,7
629,2023-07-29,P003,134,1,156,5,7
630,2023-07-30,P001,191,0,208,6,7
631,2023-07-30,P002,115,0,141,6,7
632,2023-07-30,P003,124,1,153,6,7
633,2023-07-31,P001,152,0,166,0,7
634,2023-07-31,P002,87,0,90,0,7
635,2023-07-31,P003,99,1,118,0,7
636,2023-08-01,P001,147,0,176,1,8
637,2023-08-01,P002,131,0,163,1,8
638,2023-08-01,P003,79,0,80,1,8
639,2023-08-02,P001,128,0,157,2,8
640,2023-08-02,P002,140,0,152,2,8
641,2023-08-02,P003,101,1,139,2,8
642,2023-08-03,P001,128,1,177,3,8
643,2023-08-03,P002,79,1,108,3,8
644,2023-08-03,P003,155,1,187,3,8
645,2023-08-04,P001,100,1,138,4,8
646,2023-08-04,P002,130,1,154,4,8
647,2023-08-04,P003,182,0,214,4,8
648,2023-08-05,P001,78,1,107,5,8
649,2023-08-05,P002,181,1,216,5,8
650,2023-08-05,P003,187,0,202,5,8
651,2023-08-06,P001,194,0,199,6,8
652,2023-08-06,P002,123,1,149,6,8
653,2023-08-06,P003,66,0,69,6,8
654,2023-08-07,P001,133,1,158,0,8
655,2023-08-07,P002,118,0,132,0,8
656,2023-08-07,P003,83,1,116,0,8
657,2023-08-08,P001,55,0,58,1,8
658,2023-08-08,P002,102,0,121,1,8
659,2023-08-08,P003,175,1,204,1,8
660,2023-08-09,P001,92,1,134,2,8
661,2023-08-09,P002,164,1,204,2,8
662,2023-08-09,P003,160,1,211,2,8
663,2023-08-10,P001,129,1,186,3,8
664,2023-08-10,P002,144,0,156,3,8
665,2023-08-10,P003,167,1,199,3,8
666,2023-08-11,P001,193,1,229,4,8
667,2023-08-11,P002,57,0,68,4,8
668,2023-08-11,P003,181,0,212,4,8
669,2023-08-12,P001,153,1,184,5,8
670,2023-08-12,P002,181,0,205,5,8
671,2023-08-12,P003,74,0,83,5,8
672,2023-08-13,P001,145,1,188,6,8
673,2023-08-13,P002,142,0,171,6,8
674,2023-08-13,P003,110,0,118,6,8
675,2023-08-14,P001,171,1,194,0,8
676,2023-08-14,P002,100,1,140,0,8
677,2023-08-14,P003,196,0,207,0,8
678,2023-08-15,P001,70,0,78,1,8
679,2023-08-15,P002,54,1,90,1,8
680,2023-08-15,P003,141,0,158,1,8
681,2023-08-16,P001,110,0,122,2,8
682,2023-08-16,P002,71,0,72,2,8
683,2023-08-16,P003,198,1,208,2,8
684,2023-08-17,P001,119,0,140,3,8
685,2023-08-17,P002,50,0,52,3,8
686,2023-08-17,P003,182,1,238,3,8
687,2023-08-18,P001,61,0,71,4,8
688,2023-08-18,P002,139,0,150,4,8
689,2023-08-18,P003,95,1,138,4,8
690,2023-08-19,P001,83,1,125,5,8
691,2023-08-19,P002,127,1,157,5,8
692,2023-08-19,P003,94,1,135,5,8
693,2023-08-20,P001,122,0,131,6,8
694,2023-08-20,P002,75,0,84,6,8
695,2023-08-20,P003,96,1,134,6,8
696,2023-08-21,P001,170,1,217,0,8
697,2023-08-21,P002,105,0,121,0,8
698,2023-08-21,P003,143,1,176,0,8
699,2023-08-22,P001,156,0,182,1,8
700,2023-08-22,P002,112,1,144,1,8
701,2023-08-22,P003,97,0,101,1,8
702,2023-08-23,P001,110,1,138,2,8
703,2023-08-23,P002,130,1,185,2,8
704,2023-08-23,P003,75,0,75,2,8
705,2023-08-24,P001,85,1,129,3,8
706,2023-08-24,P002,50,0,46,3,8
707,2023-08-24,P003,57,0,67,3,8
708,2023-08-25,P001,162,0,184,4,8
709,2023-08-25,P002,148,0,179,4,8
710,2023-08-25,P003,96,0,102,4,8
711,2023-08-26,P001,176,1,204,5,8
712,2023-08-26,P002,105,1,137,5,8
713,2023-08-26,P003,63,0,88,5,8
714,2023-08-27,P001,77,1,98,6,8
715,2023-08-27,P002,127,0,113,6,8
716,2023-08-27,P003,179,1,217,6,8
717,2023-08-28,P001,158,1,203,0,8
718,2023-08-28,P002,63,1,79,0,8
719,2023-08-28,P003,105,1,146,0,8
720,2023-08-29,P001,164,0,173,1,8
721,2023-08-29,P002,56,0,60,1,8
722,2023-08-29,P003,52,1,84,1,8
723,2023-08-30,P001,160,1,184,2,8
724,2023-08-30,P002,156,0,176,2,8
725,2023-08-30,P003,67,1,105,2,8
726,2023-08-31,P001,87,0,100,3,8
727,2023-08-31,P002,164,0,176,3,8
728,2023-08-31,P003,64,0,88,3,8
729,2023-09-01,P001,168,1,211,4,9
730,2023-09-01,P002,77,0,69,4,9
731,2023-09-01,P003,88,1,125,4,9
732,2023-09-02,P001,66,0,69,5,9
733,2023-09-02,P002,135,1,170,5,9
734,2023-09-02,P003,175,1,222,5,9
735,2023-09-03,P001,93,1,116,6,9
736,2023-09-03,P002,74,0,64,6,9
737,2023-09-03,P003,194,0,231,6,9
738,2023-09-04,P001,62,1,102,0,9
739,2023-09-04,P002,74,1,103,0,9
740,2023-09-04,P003,117,1,160,0,9
741,2023-09-05,P001,187,0,202,1,9
742,2023-09-05,P002,116,0,128,1,9
743,2023-09-05,P003,158,0,175,1,9
744,2023-09-06,P001,195,0,214,2,9
745,2023-09-06,P002,160,1,202,2,9
746,2023-09-06,P003,160,1,186,2,9
747,2023-09-07,P001,83,0,91,3,9
748,2023-09-07,P002,160,0,179,3,9
749,2023-09-07,P003,57,1,101,3,9
750,2023-09-08,P001,162,0,166,4,9
751,2023-09-08,P002,132,0,153,4,9
752,2023-09-08,P003,91,0,109,4,9
753,2023-09-09,P001,150,0,149,5,9
754,2023-09-09,P002,55,0,67,5,9
755,2023-09-09,P003,75,0,91,5,9
756,2023-09-10,P001,113,1,150,6,9
757,2023-09-10,P002,108,0,120,6,9
758,2023-09-10,P003,158,0,177,6,9
759,2023-09-11,P001,170,1,208,0,9
760,2023-09-11,P002,82,1,96,0,9
761,2023-09-11,P003,199,1,243,0,9
762,2023-09-12,P001,70,0,76,1,9
763,2023-09-12,P002,119,1,146,1,9
764,2023-09-12,P003,161,0,204,1,9
765,2023-09-13,P001,53,0,73,2,9
766,2023-09-13,P002,143,0,145,2,9
767,2023-09-13,P003,124,1,159,2,9
768,2023-09-14,P001,111,1,159,3,9
769,2023-09-14,P002,143,1,162,3,9
770,2023-09-14,P003,144,1,182,3,9
771,2023-09-15,P001,104,1,138,4,9
772,2023-09-15,P002,186,0,194,4,9
773,2023-09-15,P003,180,0,204,4,9
774,2023-09-16,P001,80,0,99,5,9
775,2023-09-16,P002,89,0,115,5,9
776,2023-09-16,P003,85,1,111,5,9
777,2023-09-17,P001,55,1,108,6,9
778,2023-09-17,P002,115,0,108,6,9
779,2023-09-17,P003,124,1,162,6,9
780,2023-09-18,P001,53,1,64,0,9
781,2023-09-18,P002,128,0,144,0,9
782,2023-09-18,P003,183,0,199,0,9
783,2023-09-19,P001,167,1,211,1,9
784,2023-09-19,P002,162,1,196,1,9
785,2023-09-19,P003,143,0,149,1,9
786,2023-09-20,P001,111,0,114,2,9
787,2023-09-20,P002,128,0,163,2,9
788,2023-09-20,P003,185,1,227,2,9
789,2023-09-21,P001,75,0,68,3,9
790,2023-09-21,P002,93,0,107,3,9
791,2023-09-21,P003,182,1,218,3,9
792,2023-09-22,P001,119,1,153,4,9
793,2023-09-22,P002,167,1,211,4,9
794,2023-09-22,P003,117,1,163,4,9
795,2023-09-23,P001,68,1,89,5,9
796,2023-09-23,P002,69,0,75,5,9
797,2023-09-23,P003,162,0,175,5,9
798,2023-09-24,P001,189,1,236,6,9
799,2023-09-24,P002,96,1,123,6,9
800,2023-09-24,P003,50,1,75,6,9
801,2023-09-25,P001,139,1,173,0,9
802,2023-09-25,P002,191,1,229,0,9
803,2023-09-25,P003,113,0,144,0,9
804,2023-09-26,P001,87,0,122,1,9
805,2023-09-26,P002,86,0,98,1,9
806,2023-09-26,P003,175,0,191,1,9
807,2023-09-27,P001,188,1,210,2,9
808,2023-09-27,P002,149,0,156,2,9
809,2023-09-27,P003,126,1,160,2,9
810,2023-09-28,P001,52,1,73,3,9
811,2023-09-28,P002,183,1,215,3,9
812,2023-09-28,P003,59,0,80,3,9
813,2023-09-29,P001,54,1,82,4,9
814,2023-09-29,P002,187,0,209,4,9
815,2023-09-29,P003,179,0,193,4,9
816,2023-09-30,P001,62,1,102,5,9
817,2023-09-30,P002,179,1,214,5,9
818,2023-09-30,P003,133,1,164,5,9
819,2023-10-01,P001,114,0,112,6,10
820,2023-10-01,P002,112,1,142,6,10
821,2023-10-01,P003,150,0,162,6,10
822,2023-10-02,P001,122,1,174,0,10
823,2023-10-02,P002,66,1,111,0,10
824,2023-10-02,P003,58,0,51,0,10
825,2023-10-03,P001,192,0,199,1,10
826,2023-10-03,P002,87,0,95,1,10
827,2023-10-03,P003,143,0,152,1,10
828,2023-10-04,P001,144,0,160,2,10
829,2023-10-04,P002,98,0,104,2,10
830,2023-10-04,P003,118,1,155,2,10
831,2023-10-05,P001,111,1,152,3,10
832,2023-10-05,P002,127,0,129,3,10
833,2023-10-05,P003,166,1,212,3,10
834,2023-10-06,P001,169,0,181,4,10
835,2023-10-06,P002,186,1,249,4,10
836,2023-10-06,P003,125,1,176,4,10
837,2023-10-07,P001,84,0,94,5,10
838,2023-10-07,P002,50,0,48,5,10
839,2023-10-07,P003,89,0,89,5,10
840,2023-10-08,P001,113,1,153,6,10
841,2023-10-08,P002,199,0,221,6,10
842,2023-10-08,P003,109,1,152,6,10
843,2023-10-09,P001,113,0,146,0,10
844,2023-10-09,P002,142,1,171,0,10
845,2023-10-09,P003,121,1,143,0,10
846,2023-10-10,P001,60,0,67,1,10
847,2023-10-10,P002,154,1,200,1,10
848,2023-10-10,P003,63,1,79,1,10
849,2023-10-11,P001,109,0,123,2,10
850,2023-10-11,P002,79,1,120,2,10
851,2023-10-11,P003,84,0,79,2,10
852,2023-10-12,P001,54,0,64,3,10
853,2023-10-12,P002,132,0,142,3,10
854,2023-10-12,P003,172,0,193,3,10
855,2023-10-13,P001,127,1,166,4,10
856,2023-10-13,P002,111,1,144,4,10
857,2023-10-13,P003,181,1,211,4,10
858,2023-10-14,P001,138,0,146,5,10
859,2023-10-14,P002,91,1,137,5,10
860,2023-10-14,P003,138,1,178,5,10
861,2023-10-15,P001,195,0,225,6,10
862,2023-10-15,P002,89,0,100,6,10
863,2023-10-15,P003,121,1,164,6,10
864,2023-10-16,P001,88,0,95,0,10
865,2023-10-16,P002,153,0,160,0,10
866,2023-10-16,P003,63,0,76,0,10
867,2023-10-17,P001,81,0,100,1,10
868,2023-10-17,P002,174,1,202,1,10
869,2023-10-17,P003,146,0,157,1,10
870,2023-10-18,P001,72,0,77,2,10
871,2023-10-18,P002,112,0,142,2,10
872,2023-10-18,P003,192,0,216,2,10
873,2023-10-19,P001,194,0,200,3,10
874,2023-10-19,P002,102,0,111,3,10
875,2023-10-19,P003,153,0,165,3,10
876,2023-10-20,P001,153,0,156,4,10
877,2023-10-20,P002,88,1,115,4,10
878,2023-10-20,P003,183,0,201,4,10
879,2023-10-21,P001,116,1,143,5,10
880,2023-10-21,P002,184,0,198,5,10
881,2023-10-21,P003,91,0,114,5,10
882,2023-10-22,P001,64,0,66,6,10
883,2023-10-22,P002,160,0,179,6,10
884,2023-10-22,P003,82,1,109,6,10
885,2023-10-23,P001,87,0,90,0,10
886,2023-10-23,P002,146,0,161,0,10
887,2023-10-23,P003,82,1,110,0,10
888,2023-10-24,P001,135,1,172,1,10
889,2023-10-24,P002,115,0,117,1,10
890,2023-10-24,P003,59,1,85,1,10
891,2023-10-25,P001,54,1,87,2,10
892,2023-10-25,P002,172,1,210,2,10
893,2023-10-25,P003,123,0,139,2,10
894,2023-10-26,P001,146,0,162,3,10
895,2023-10-26,P002,167,0,187,3,10
896,2023-10-26,P003,87,1,124,3,10
897,2023-10-27,P001,190,0,210,4,10
898,2023-10-27,P002,96,1,116,4,10
899,2023-10-27,P003,158,0,164,4,10
900,2023-10-28,P001,64,0,83,5,10
901,2023-10-28,P002,185,1,234,5,10
902,2023-10-28,P003,54,0,65,5,10
903,2023-10-29,P001,96,1,136,6,10
904,2023-10-29,P002,117,1,150,6,10
905,2023-10-29,P003,125,0,134,6,10
906,2023-10-30,P001,179,1,207,0,10
907,2023-10-30,P002,144,0,147,0,10
908,2023-10-30,P003,164,0,195,0,10
909,2023-10-31,P001,85,1,108,1,10
910,2023-10-31,P002,75,0,96,1,10
911,2023-10-31,P003,92,1,119,1,10
912,2023-11-01,P001,76,0,76,2,11
913,2023-11-01,P002,118,0,121,2,11
914,2023-11-01,P003,197,0,210,2,11
915,2023-11-02,P001,60,0,80,3,11
916,2023-11-02,P002,123,0,124,3,11
917,2023-11-02,P003,153,1,212,3,11
918,2023-11-03,P001,87,1,107,4,11
919,2023-11-03,P002,183,1,228,4,11
920,2023-11-03,P003,72,1,100,4,11
921,2023-11-04,P001,96,1,122,5,11
922,2023-11-04,P002,139,1,160,5,11
923,2023-11-04,P003,95,0,103,5,11
924,2023-11-05,P001,156,0,160,6,11
925,2023-11-05,P002,189,1,211,6,11
926,2023-11-05,P003,190,1,233,6,11
927,2023-11-06,P001,153,0,164,0,11
928,2023-11-06,P002,160,0,192,0,11
929,2023-11-06,P003,153,0,178,0,11
930,2023-11-07,P001,109,1,156,1,11
931,2023-11-07,P002,149,1,180,1,11
932,2023-11-07,P003,117,1,153,1,11
933,2023-11-08,P001,182,0,173,2,11
934,2023-11-08,P002,169,0,183,2,11
935,2023-11-08,P003,86,1,118,2,11
936,2023-11-09,P001,121,1,154,3,11
937,2023-11-09,P002,176,0,196,3,11
938,2023-11-09,P003,155,0,174,3,11
939,2023-11-10,P001,141,0,127,4,11
940,2023-11-10,P002,80,0,93,4,11
941,2023-11-10,P003,171,1,212,4,11
942,2023-11-11,P001,186,0,217,5,11
943,2023-11-11,P002,100,0,113,5,11
944,2023-11-11,P003,78,0,84,5,11
945,2023-11-12,P001,89,1,128,6,11
946,2023-11-12,P002,90,1,95,6,11
947,2023-11-12,P003,60,0,63,6,11
948,2023-11-13,P001,50,0,50,0,11
949,2023-11-13,P002,95,0,107,0,11
950,2023-11-13,P003,150,1,166,0,11
951,2023-11-14,P001,198,1,250,1,11
952,2023-11-14,P002,139,1,173,1,11
953,2023-11-14,P003,159,0,181,1,11
954,2023-11-15,P001,106,1,141,2,11
955,2023-11-15,P002,50,0,67,2,11
956,2023-11-15,P003,112,0,107,2,11
957,2023-11-16,P001,104,0,115,3,11
958,2023-11-16,P002,164,1,214,3,11
959,2023-11-16,P003,192,0,210,3,11
960,2023-11-17,P001,198,1,228,4,11
961,2023-11-17,P002,102,1,129,4,11
962,2023-11-17,P003,186,0,200,4,11
963,2023-11-18,P001,106,0,109,5,11
964,2023-11-18,P002,166,1,204,5,11
965,2023-11-18,P003,84,0,110,5,11
966,2023-11-19,P001,112,1,140,6,11
967,2023-11-19,P002,74,0,76,6,11
968,2023-11-19,P003,139,1,177,6,11
969,2023-11-20,P001,124,1,154,0,11
970,2023-11-20,P002,87,1,105,0,11
971,2023-11-20,P003,179,1,216,0,11
972,2023-11-21,P001,184,0,201,1,11
973,2023-11-21,P002,140,0,163,1,11
974,2023-11-21,P003,66,1,82,1,11
975,2023-11-22,P001,177,1,224,2,11
976,2023-11-22,P002,157,0,171,2,11
977,2023-11-22,P003,74,0,70,2,11
978,2023-11-23,P001,137,0,140,3,11
979,2023-11-23,P002,78,0,108,3,11
980,2023-11-23,P003,112,0,124,3,11
981,2023-11-24,P001,199,0,228,4,11
982,2023-11-24,P002,163,1,182,4,11
983,2023-11-24,P003,98,0,137,4,11
984,2023-11-25,P001,130,0,151,5,11
985,2023-11-25,P002,133,1,166,5,11
986,2023-11-25,P003,154,0,166,5,11
987,2023-11-26,P001,197,0,224,6,11
988,2023-11-26,P002,167,0,193,6,11
989,2023-11-26,P003,135,0,153,6,11
990,2023-11-27,P001,112,0,126,0,11
991,2023-11-27,P002,153,1,196,0,11
992,2023-11-27,P003,98,0,93,0,11
993,2023-11-28,P001,120,1,148,1,11
994,2023-11-28,P002,50,1,58,1,11
995,2023-11-28,P003,190,0,215,1,11
996,2023-11-29,P001,172,1,205,2,11
997,2023-11-29,P002,111,0,109,2,11
998,2023-11-29,P003,81,1,104,2,11
999,2023-11-30,P001,78,1,110,3,11
1000,2023-11-30,P002,98,0,108,3,11
1001,2023-11-30,P003,79,0,78,3,11
1002,2023-12-01,P001,193,0,195,4,12
1003,2023-12-01,P002,68,0,75,4,12
1004,2023-12-01,P003,67,0,67,4,12
1005,2023-12-02,P001,50,1,72,5,12
1006,2023-12-02,P002,127,1,158,5,12
1007,2023-12-02,P003,164,1,207,5,12
1008,2023-12-03,P001,162,1,209,6,12
1009,2023-12-03,P002,163,1,203,6,12
1010,2023-12-03,P003,112,1,142,6,12
1011,2023-12-04,P001,181,1,222,0,12
1012,2023-12-04,P002,178,0,195,0,12
1013,2023-12-04,P003,57,0,46,0,12
1014,2023-12-05,P001,104,1,148,1,12
1015,2023-12-05,P002,152,1,199,1,12
1016,2023-12-05,P003,180,0,220,1,12
1017,2023-12-06,P001,81,0,114,2,12
1018,2023-12-06,P002,59,0,53,2,12
1019,2023-12-06,P003,159,0,171,2,12
1020,2023-12-07,P001,173,1,238,3,12
1021,2023-12-07,P002,136,0,149,3,12
1022,2023-12-07,P003,104,1,136,3,12
1023,2023-12-08,P001,81,1,96,4,12
1024,2023-12-08,P002,184,1,226,4,12
1025,2023-12-08,P003,142,0,178,4,12
1026,2023-12-09,P001,57,0,78,5,12
1027,2023-12-09,P002,114,1,142,5,12
1028,2023-12-09,P003,106,1,132,5,12
1029,2023-12-10,P001,116,1,139,6,12
1030,2023-12-10,P002,121,0,127,6,12
1031,2023-12-10,P003,103,1,117,6,12
1032,2023-12-11,P001,116,0,126,0,12
1033,2023-12-11,P002,100,1,148,0,12
1034,2023-12-11,P003,146,1,187,0,12
1035,2023-12-12,P001,141,1,191,1,12
1036,2023-12-12,P002,57,0,73,1,12
1037,2023-12-12,P003,84,0,89,1,12
1038,2023-12-13,P001,145,1,174,2,12
1039,2023-12-13,P002,137,0,146,2,12
1040,2023-12-13,P003,127,1,142,2,12
1041,2023-12-14,P001,81,0,92,3,12
1042,2023-12-14,P002,169,0,159,3,12
1043,2023-12-14,P003,95,0,113,3,12
1044,2023-12-15,P001,193,1,233,4,12
1045,2023-12-15,P002,191,0,217,4,12
1046,2023-12-15,P003,104,0,127,4,12
1047,2023-12-16,P001,56,1,86,5,12
1048,2023-12-16,P002,123,1,171,5,12
1049,2023-12-16,P003,56,1,87,5,12
1050,2023-12-17,P001,134,1,162,6,12
1051,2023-12-17,P002,196,0,213,6,12
1052,2023-12-17,P003,161,0,154,6,12
1053,2023-12-18,P001,174,0,182,0,12
1054,2023-12-18,P002,196,0,214,0,12
1055,2023-12-18,P003,85,0,101,0,12
1056,2023-12-19,P001,78,1,98,1,12
1057,2023-12-19,P002,131,0,131,1,12
1058,2023-12-19,P003,51,0,37,1,12
1059,2023-12-20,P001,178,0,192,2,12
1060,2023-12-20,P002,96,1,148,2,12
1061,2023-12-20,P003,197,1,239,2,12
1062,2023-12-21,P001,60,0,75,3,12
1063,2023-12-21,P002,179,1,207,3,12
1064,2023-12-21,P003,168,1,189,3,12
1065,2023-12-22,P001,189,1,218,4,12
1066,2023-12-22,P002,69,1,94,4,12
1067,2023-12-22,P003,54,1,62,4,12
1068,2023-12-23,P001,86,1,104,5,12
1069,2023-12-23,P002,186,1,218,5,12
1070,2023-12-23,P003,102,0,98,5,12
1071,2023-12-24,P001,148,0,141,6,12
1072,2023-12-24,P002,135,1,171,6,12
1073,2023-12-24,P003,157,0,176,6,12
1074,2023-12-25,P001,73,0,88,0,12
1075,2023-12-25,P002,130,1,151,0,12
1076,2023-12-25,P003,169,0,193,0,12
1077,2023-12-26,P001,108,1,157,1,12
1078,2023-12-26,P002,177,1,220,1,12
1079,2023-12-26,P003,163,1,196,1,12
1080,2023-12-27,P001,164,0,184,2,12
1081,2023-12-27,P002,63,0,62,2,12
1082,2023-12-27,P003,58,0,55,2,12
1083,2023-12-28,P001,89,0,104,3,12
1084,2023-12-28,P002,74,1,103,3,12
1085,2023-12-28,P003,152,1,199,3,12
1086,2023-12-29,P001,71,0,73,4,12
1087,2023-12-29,P002,53,1,77,4,12
1088,2023-12-29,P003,78,1,103,4,12
1089,2023-12-30,P001,158,0,165,5,12
1090,2023-12-30,P002,147,1,189,5,12
1091,2023-12-30,P003,86,0,116,5,12
1092,2023-12-31,P001,124,1,155,6,12
1093,2023-12-31,P002,119,0,124,6,12
1094,2023-12-31,P003,195,1,230,6,12
1095,2024-01-01,P001,177,1,210,0,1
1096,2024-01-01,P002,134,0,163,0,1
1097,2024-01-01,P003,91,0,95,0,1
1098,2024-01-02,P001,149,0,161,1,1
1099,2024-01-02,P002,90,0,89,1,1
1100,2024-01-02,P003,83,1,114,1,1
1101,2024-01-03,P001,66,1,94,2,1
1102,2024-01-03,P002,171,0,179,2,1
1103,2024-01-03,P003,125,1,151,2,1
1104,2024-01-04,P001,136,0,167,3,1
1105,2024-01-04,P002,166,0,185,3,1
1106,2024-01-04,P003,155,1,194,3,1
1107,2024-01-05,P001,135,1,172,4,1
1108,2024-01-05,P002,76,0,97,4,1
1109,2024-01-05,P003,106,0,106,4,1
1110,2024-01-06,P001,80,0,87,5,1
1111,2024-01-06,P002,183,1,219,5,1
1112,2024-01-06,P003,147,1,164,5,1
1113,2024-01-07,P001,61,1,80,6,1
1114,2024-01-07,P002,102,1,142,6,1
1115,2024-01-07,P003,187,0,216,6,1
1116,2024-01-08,P001,194,0,225,0,1
1117,2024-01-08,P002,171,0,185,0,1
1118,2024-01-08,P003,95,0,102,0,1
1119,2024-01-09,P001,113,0,109,1,1
1120,2024-01-09,P002,179,0,206,1,1
1121,2024-01-09,P003,103,1,147,1,1
1122,2024-01-10,P001,156,1,202,2,1
1123,2024-01-10,P002,100,0,129,2,1
1124,2024-01-10,P003,85,0,100,2,1
1125,2024-01-11,P001,164,1,218,3,1
1126,2024-01-11,P002,75,1,100,3,1
1127,2024-01-11,P003,78,1,91,3,1
1128,2024-01-12,P001,198,1,249,4,1
1129,2024-01-12,P002,60,0,50,4,1
1130,2024-01-12,P003,89,0,102,4,1
1131,2024-01-13,P001,60,0,75,5,1
1132,2024-01-13,P002,162,0,184,5,1
1133,2024-01-13,P003,88,0,119,5,1
1134,2024-01-14,P001,103,1,116,6,1
1135,2024-01-14,P002,147,0,160,6,1
1136,2024-01-14,P003,104,1,134,6,1
1137,2024-01-15,P001,160,0,165,0,1
1138,2024-01-15,P002,199,0,210,0,1
1139,2024-01-15,P003,118,0,121,0,1
1140,2024-01-16,P001,105,0,107,1,1
1141,2024-01-16,P002,82,0,92,1,1
1142,2024-01-16,P003,85,1,110,1,1
1143,2024-01-17,P001,197,1,239,2,1
1144,2024-01-17,P002,130,1,172,2,1
1145,2024-01-17,P003,158,0,182,2,1
1146,2024-01-18,P001,122,0,133,3,1
1147,2024-01-18,P002,89,1,120,3,1
1148,2024-01-18,P003,66,0,85,3,1
1149,2024-01-19,P001,178,0,200,4,1
1150,2024-01-19,P002,110,1,162,4,1
1151,2024-01-19,P003,153,0,178,4,1
1152,2024-01-20,P001,91,1,140,5,1
1153,2024-01-20,P002,74,0,59,5,1
1154,2024-01-20,P003,88,1,117,5,1
1155,2024-01-21,P001,84,0,89,6,1
1156,2024-01-21,P002,180,0,196,6,1
1157,2024-01-21,P003,157,1,187,6,1
1158,2024-01-22,P001,151,0,173,0,1
1159,2024-01-22,P002,147,0,146,0,1
1160,2024-01-22,P003,61,1,94,0,1
1161,2024-01-23,P001,68,0,67,1,1
1162,2024-01-23,P002,150,1,182,1,1
1163,2024-01-23,P003,93,0,109,1,1
1164,2024-01-24,P001,98,0,111,2,1
1165,2024-01-24,P002,66,0,86,2,1
1166,2024-01-24,P003,123,0,128,2,1
1167,2024-01-25,P001,106,1,138,3,1
1168,2024-01-25,P002,104,0,126,3,1
1169,2024-01-25,P003,96,1,129,3,1
1170,2024-01-26,P001,61,0,74,4,1
1171,2024-01-26,P002,111,0,136,4,1
1172,2024-01-26,P003,129,0,140,4,1
1173,2024-01-27,P001,132,0,142,5,1
1174,2024-01-27,P002,57,1,88,5,1
1175,2024-01-27,P003,198,1,236,5,1
1176,2024-01-28,P001,130,1,174,6,1
1177,2024-01-28,P002,167,1,207,6,1
1178,2024-01-28,P003,74,0,75,6,1
1179,2024-01-29,P001,138,1,175,0,1
1180,2024-01-29,P002,61,1,81,0,1
1181,2024-01-29,P003,192,0,220,0,1
1182,2024-01-30,P001,108,0,104,1,1
1183,2024-01-30,P002,158,0,189,1,1
1184,2024-01-30,P003,75,0,85,1,1
1185,2024-01-31,P001,96,1,126,2,1
1186,2024-01-31,P002,81,1,119,2,1
1187,2024-01-31,P003,59,0,70,2,1
1188,2024-02-01,P001,65,0,87,3,2
1189,2024-02-01,P002,194,0,226,3,2
1190,2024-02-01,P003,75,1,106,3,2
1191,2024-02-02,P001,135,1,162,4,2
1192,2024-02-02,P002,184,0,199,4,2
1193,2024-02-02,P003,63,0,68,4,2
1194,2024-02-03,P001,128,1,174,5,2
1195,2024-02-03,P002,166,0,181,5,2
1196,2024-02-03,P003,56,0,57,5,2
1197,2024-02-04,P001,186,1,243,6,2
1198,2024-02-04,P002,164,0,182,6,2
1199,2024-02-04,P003,121,1,146,6,2
1200,2024-02-05,P001,108,0,126,0,2
1201,2024-02-05,P002,131,0,143,0,2
1202,2024-02-05,P003,165,1,187,0,2
1203,2024-02-06,P001,195,1,244,1,2
1204,2024-02-06,P002,152,0,159,1,2
1205,2024-02-06,P003,66,1,93,1,2
1206,2024-02-07,P001,63,0,71,2,2
1207,2024-02-07,P002,157,0,175,2,2
1208,2024-02-07,P003,94,1,104,2,2
1209,2024-02-08,P001,147,0,161,3,2
1210,2024-02-08,P002,180,0,212,3,2
1211,2024-02-08,P003,86,1,127,3,2
1212,2024-02-09,P001,157,1,182,4,2
1213,2024-02-09,P002,88,0,109,4,2
1214,2024-02-09,P003,64,1,82,4,2
1215,2024-02-10,P001,169,1,205,5,2
1216,2024-02-10,P002,53,1,75,5,2
1217,2024-02-10,P003,142,1,177,5,2
1218,2024-02-11,P001,190,0,222,6,2
1219,2024-02-11,P002,65,0,77,6,2
1220,2024-02-11,P003,157,0,174,6,2
1221,2024-02-12,P001,175,1,222,0,2
1222,2024-02-12,P002,104,1,129,0,2
1223,2024-02-12,P003,83,1,110,0,2
1224,2024-02-13,P001,62,1,98,1,2
1225,2024-02-13,P002,190,1,234,1,2
1226,2024-02-13,P003,67,1,92,1,2
1227,2024-02-14,P001,145,1,167,2,2
1228,2024-02-14,P002,172,0,195,2,2
1229,2024-02-14,P003,88,0,81,2,2
1230,2024-02-15,P001,95,1,122,3,2
1231,2024-02-15,P002,78,1,120,3,2
1232,2024-02-15,P003,111,1,148,3,2
1233,2024-02-16,P001,65,0,51,4,2
1234,2024-02-16,P002,170,0,192,4,2
1235,2024-02-16,P003,59,1,84,4,2
1236,2024-02-17,P001,152,1,177,5,2
1237,2024-02-17,P002,133,0,149,5,2
1238,2024-02-17,P003,182,0,195,5,2
1239,2024-02-18,P001,114,0,120,6,2
1240,2024-02-18,P002,52,0,58,6,2
1241,2024-02-18,P003,191,1,223,6,2
1242,2024-02-19,P001,169,0,189,0,2
1243,2024-02-19,P002,117,0,122,0,2
1244,2024-02-19,P003,195,1,229,0,2
1245,2024-02-20,P001,86,0,104,1,2
1246,2024-02-20,P002,122,0,148,1,2
1247,2024-02-20,P003,192,0,197,1,2
1248,2024-02-21,P001,98,1,138,2,2
1249,2024-02-21,P002,170,0,200,2,2
1250,2024-02-21,P003,137,1,189,2,2
1251,2024-02-22,P001,189,1,236,3,2
1252,2024-02-22,P002,86,0,87,3,2
1253,2024-02-22,P003,110,0,127,3,2
1254,2024-02-23,P001,173,0,184,4,2
1255,2024-02-23,P002,88,0,93,4,2
1256,2024-02-23,P003,112,1,147,4,2
1257,2024-02-24,P001,95,0,99,5,2
1258,2024-02-24,P002,137,0,139,5,2
1259,2024-02-24,P003,60,0,73,5,2
1260,2024-02-25,P001,111,1,160,6,2
1261,2024-02-25,P002,126,0,154,6,2
1262,2024-02-25,P003,101,0,121,6,2
1263,2024-02-26,P001,53,1,91,0,2
1264,2024-02-26,P002,108,1,145,0,2
1265,2024-02-26,P003,121,0,140,0,2
1266,2024-02-27,P001,197,0,225,1,2
1267,2024-02-27,P002,142,0,145,1,2
1268,2024-02-27,P003,112,0,125,1,2
1269,2024-02-28,P001,103,0,112,2,2
1270,2024-02-28,P002,166,1,206,2,2
1271,2024-02-28,P003,159,1,193,2,2
1272,2024-02-29,P001,123,0,143,3,2
1273,2024-02-29,P002,156,0,166,3,2
1274,2024-02-29,P003,106,1,134,3,2
1275,2024-03-01,P001,52,0,50,4,3
1276,2024-03-01,P002,169,0,197,4,3
1277,2024-03-01,P003,55,0,63,4,3
1278,2024-03-02,P001,54,0,54,5,3
1279,2024-03-02,P002,54,0,58,5,3
1280,2024-03-02,P003,103,1,136,5,3
1281,2024-03-03,P001,96,0,121,6,3
1282,2024-03-03,P002,58,0,54,6,3
1283,2024-03-03,P003,148,0,172,6,3
1284,2024-03-04,P001,69,1,103,0,3
1285,2024-03-04,P002,171,1,199,0,3
1286,2024-03-04,P003,110,1,158,0,3
1287,2024-03-05,P001,172,1,214,1,3
1288,2024-03-05,P002,131,0,142,1,3
1289,2024-03-05,P003,111,1,123,1,3
1290,2024-03-06,P001,194,0,218,2,3
1291,2024-03-06,P002,52,0,56,2,3
1292,2024-03-06,P003,62,1,77,2,3
1293,2024-03-07,P001,169,1,195,3,3
1294,2024-03-07,P002,174,1,220,3,3
1295,2024-03-07,P003,138,1,152,3,3
1296,2024-03-08,P001,122,1,157,4,3
1297,2024-03-08,P002,117,0,129,4,3
1298,2024-03-08,P003,191,1,238,4,3
1299,2024-03-09,P001,150,1,182,5,3
1300,2024-03-09,P002,147,1,184,5,3
1301,2024-03-09,P003,60,0,58,5,3
1302,2024-03-10,P001,154,1,188,6,3
1303,2024-03-10,P002,116,0,135,6,3
1304,2024-03-10,P003,172,1,210,6,3
1305,2024-03-11,P001,78,1,112,0,3
1306,2024-03-11,P002,186,0,198,0,3
1307,2024-03-11,P003,125,1,151,0,3
1308,2024-03-12,P001,58,0,58,1,3
1309,2024-03-12,P002,89,0,98,1,3
1310,2024-03-12,P003,74,0,97,1,3
1311,2024-03-13,P001,54,1,75,2,3
1312,2024-03-13,P002,188,1,215,2,3
1313,2024-03-13,P003,173,1,215,2,3
1314,2024-03-14,P001,87,0,112,3,3
1315,2024-03-14,P002,121,1,143,3,3
1316,2024-03-14,P003,182,0,219,3,3
1317,2024-03-15,P001,139,1,180,4,3
1318,2024-03-15,P002,195,0,227,4,3
1319,2024-03-15,P003,86,0,109,4,3
1320,2024-03-16,P001,109,0,129,5,3
1321,2024-03-16,P002,77,1,106,5,3
1322,2024-03-16,P003,130,0,158,5,3
1323,2024-03-17,P001,163,0,181,6,3
1324,2024-03-17,P002,89,0,108,6,3
1325,2024-03-17,P003,94,0,115,6,3
1326,2024-03-18,P001,111,0,111,0,3
1327,2024-03-18,P002,142,0,164,0,3
1328,2024-03-18,P003,164,1,201,0,3
1329,2024-03-19,P001,116,1,151,1,3
1330,2024-03-19,P002,105,0,119,1,3
1331,2024-03-19,P003,89,1,121,1,3
1332,2024-03-20,P001,147,1,196,2,3
1333,2024-03-20,P002,89,0,84,2,3
1334,2024-03-20,P003,140,0,136,2,3
1335,2024-03-21,P001,82,0,73,3,3
1336,2024-03-21,P002,55,1,94,3,3
1337,2024-03-21,P003,196,0,210,3,3
1338,2024-03-22,P001,129,1,163,4,3
1339,2024-03-22,P002,141,0,156,4,3
1340,2024-03-22,P003,146,1,171,4,3
1341,2024-03-23,P001,108,0,127,5,3
1342,2024-03-23,P002,108,0,117,5,3
1343,2024-03-23,P003,97,1,124,5,3
1344,2024-03-24,P001,62,1,90,6,3
1345,2024-03-24,P002,156,1,198,6,3
1346,2024-03-24,P003,94,1,116,6,3
1347,2024-03-25,P001,138,1,180,0,3
1348,2024-03-25,P002,149,1,198,0,3
1349,2024-03-25,P003,56,0,50,0,3
1350,2024-03-26,P001,182,1,222,1,3
1351,2024-03-26,P002,94,0,103,1,3
1352,2024-03-26,P003,107,0,127,1,3
1353,2024-03-27,P001,80,1,98,2,3
1354,2024-03-27,P002,72,0,95,2,3
1355,2024-03-27,P003,187,1,209,2,3
1356,2024-03-28,P001,156,1,192,3,3
1357,2024-03-28,P002,88,0,101,3,3
1358,2024-03-28,P003,131,0,137,3,3
1359,2024-03-29,P001,149,1,178,4,3
1360,2024-03-29,P002,51,1,81,4,3
1361,2024-03-29,P003,126,0,139,4,3
1362,2024-03-30,P001,61,0,70,5,3
1363,2024-03-30,P002,88,0,108,5,3
1364,2024-03-30,P003,62,0,67,5,3
1365,2024-03-31,P001,95,1,127,6,3
1366,2024-03-31,P002,162,1,193,6,3
1367,2024-03-31,P003,66,1,84,6,3
1368,2024-04-01,P001,153,1,188,0,4
1369,2024-04-01,P002,147,0,156,0,4
1370,2024-04-01,P003,137,0,149,0,4
1371,2024-04-02,P001,158,1,205,1,4
1372,2024-04-02,P002,119,1,148,1,4
1373,2024-04-02,P003,123,1,151,1,4
1374,2024-04-03,P001,112,1,143,2,4
1375,2024-04-03,P002,109,1,143,2,4
1376,2024-04-03,P003,128,1,148,2,4
1377,2024-04-04,P001,86,1,111,3,4
1378,2024-04-04,P002,71,1,97,3,4
1379,2024-04-04,P003,197,1,237,3,4
1380,2024-04-05,P001,145,0,169,4,4
1381,2024-04-05,P002,117,1,150,4,4
1382,2024-04-05,P003,66,0,84,4,4
1383,2024-04-06,P001,61,0,66,5,4
1384,2024-04-06,P002,199,1,259,5,4
1385,2024-04-06,P003,194,1,231,5,4
1386,2024-04-07,P001,187,0,201,6,4
1387,2024-04-07,P002,167,0,189,6,4
1388,2024-04-07,P003,71,1,111,6,4
1389,2024-04-08,P001,169,0,175,0,4
1390,2024-04-08,P002,99,1,126,0,4
1391,2024-04-08,P003,63,1,86,0,4
1392,2024-04-09,P001,78,1,107,1,4
1393,2024-04-09,P002,174,0,191,1,4
1394,2024-04-09,P003,56,0,78,1,4
1395,2024-04-10,P001,78,1,104,2,4
1396,2024-04-10,P002,188,0,220,2,4
1397,2024-04-10,P003,82,0,90,2,4
1398,2024-04-11,P001,183,0,213,3,4
1399,2024-04-11,P002,160,0,178,3,4
1400,2024-04-11,P003,128,0,161,3,4
1401,2024-04-12,P001,107,0,102,4,4
1402,2024-04-12,P002,75,0,73,4,4
1403,2024-04-12,P003,78,1,124,4,4
1404,2024-04-13,P001,53,0,50,5,4
1405,2024-04-13,P002,148,0,159,5,4
1406,2024-04-13,P003,190,0,200,5,4
1407,2024-04-14,P001,88,0,108,6,4
1408,2024-04-14,P002,64,0,60,6,4
1409,2024-04-14,P003,168,0,188,6,4
1410,2024-04-15,P001,78,0,83,0,4
1411,2024-04-15,P002,124,0,149,0,4
1412,2024-04-15,P003,165,1,198,0,4
1413,2024-04-16,P001,81,0,93,1,4
1414,2024-04-16,P002,179,0,185,1,4
1415,2024-04-16,P003,133,0,172,1,4
1416,2024-04-17,P001,71,0,78,2,4
1417,2024-04-17,P002,76,1,106,2,4
1418,2024-04-17,P003,130,1,179,2,4
1419,2024-04-18,P001,175,1,206,3,4
1420,2024-04-18,P002,141,1,191,3,4
1421,2024-04-18,P003,70,1,92,3,4
1422,2024-04-19,P001,96,1,132,4,4
1423,2024-04-19,P002,150,1,179,4,4
1424,2024-04-19,P003,133,1,152,4,4
1425,2024-04-20,P001,55,1,87,5,4
1426,2024-04-20,P002,196,1,244,5,4
1427,2024-04-20,P003,180,1,204,5,4
1428,2024-04-21,P001,50,1,71,6,4
1429,2024-04-21,P002,107,1,149,6,4
1430,2024-04-21,P003,173,1,219,6,4
1431,2024-04-22,P001,64,1,86,0,4
1432,2024-04-22,P002,113,1,141,0,4
1433,2024-04-22,P003,74,0,103,0,4
1434,2024-04-23,P001,73,1,88,1,4
1435,2024-04-23,P002,61,0,69,1,4
1436,2024-04-23,P003,67,1,82,1,4
1437,2024-04-24,P001,64,1,103,2,4
1438,2024-04-24,P002,76,0,83,2,4
1439,2024-04-24,P003,121,1,157,2,4
1440,2024-04-25,P001,109,0,147,3,4
1441,2024-04-25,P002,194,0,210,3,4
1442,2024-04-25,P003,142,0,176,3,4
1443,2024-04-26,P001,102,1,128,4,4
1444,2024-04-26,P002,57,1,80,4,4
1445,2024-04-26,P003,128,1,187,4,4
1446,2024-04-27,P001,76,0,81,5,4
1447,2024-04-27,P002,99,0,95,5,4
1448,2024-04-27,P003,180,1,223,5,4
1449,2024-04-28,P001,142,1,174,6,4
1450,2024-04-28,P002,73,1,103,6,4
1451,2024-04-28,P003,109,1,138,6,4
1452,2024-04-29,P001,171,1,233,0,4
1453,2024-04-29,P002,180,0,203,0,4
1454,2024-04-29,P003,197,0,208,0,4
1455,2024-04-30,P001,95,0,105,1,4
1456,2024-04-30,P002,64,1,82,1,4
1457,2024-04-30,P003,66,0,73,1,4
1458,2024-05-01,P001,175,0,183,2,5
1459,2024-05-01,P002,133,0,167,2,5
1460,2024-05-01,P003,58,0,59,2,5
1461,2024-05-02,P001,112,0,130,3,5
1462,2024-05-02,P002,166,1,202,3,5
1463,2024-05-02,P003,179,0,188,3,5
1464,2024-05-03,P001,137,1,175,4,5
1465,2024-05-03,P002,121,1,160,4,5
1466,2024-05-03,P003,188,1,235,4,5
1467,2024-05-04,P001,113,1,118,5,5
1468,2024-05-04,P002,121,1,140,5,5
1469,2024-05-04,P003,70,0,86,5,5
1470,2024-05-05,P001,67,0,67,6,5
1471,2024-05-05,P002,113,1,149,6,5
1472,2024-05-05,P003,131,1,154,6,5
1473,2024-05-06,P001,159,1,205,0,5
1474,2024-05-06,P002,144,0,167,0,5
1475,2024-05-06,P003,81,1,116,0,5
1476,2024-05-07,P001,60,0,79,1,5
1477,2024-05-07,P002,94,1,142,1,5
1478,2024-05-07,P003,82,0,78,1,5
1479,2024-05-08,P001,151,1,181,2,5
1480,2024-05-08,P002,185,0,215,2,5
1481,2024-05-08,P003,60,1,100,2,5
1482,2024-05-09,P001,137,0,143,3,5
1483,2024-05-09,P002,90,0,91,3,5
1484,2024-05-09,P003,194,0,209,3,5
1485,2024-05-10,P001,125,0,121,4,5
1486,2024-05-10,P002,170,0,177,4,5
1487,2024-05-10,P003,95,0,95,4,5
1488,2024-05-11,P001,129,0,138,5,5
1489,2024-05-11,P002,103,1,139,5,5
1490,2024-05-11,P003,135,1,175,5,5
1491,2024-05-12,P001,141,1,170,6,5
1492,2024-05-12,P002,197,1,234,6,5
1493,2024-05-12,P003,146,1,184,6,5
1494,2024-05-13,P001,51,0,44,0,5
1495,2024-05-13,P002,82,0,99,0,5
1496,2024-05-13,P003,126,0,154,0,5
1497,2024-05-14,P001,165,0,175,1,5
1498,2024-05-14,P002,199,0,217,1,5
1499,2024-05-14,P003,152,1,202,1,5
1500,2024-05-15,P001,152,1,188,2,5
1501,2024-05-15,P002,139,1,181,2,5
1502,2024-05-15,P003,171,1,207,2,5
1503,2024-05-16,P001,192,0,226,3,5
1504,2024-05-16,P002,155,0,178,3,5
1505,2024-05-16,P003,168,0,193,3,5
1506,2024-05-17,P001,98,1,136,4,5
1507,2024-05-17,P002,153,0,165,4,5
1508,2024-05-17,P003,110,1,139,4,5
1509,2024-05-18,P001,172,0,199,5,5
1510,2024-05-18,P002,183,0,205,5,5
1511,2024-05-18,P003,58,1,75,5,5
1512,2024-05-19,P001,55,0,79,6,5
1513,2024-05-19,P002,122,0,143,6,5
1514,2024-05-19,P003,152,1,187,6,5
1515,2024-05-20,P001,90,0,99,0,5
1516,2024-05-20,P002,163,1,204,0,5
1517,2024-05-20,P003,57,0,70,0,5
1518,2024-05-21,P001,121,0,112,1,5
1519,2024-05-21,P002,141,0,179,1,5
1520,2024-05-21,P003,111,0,114,1,5
1521,2024-05-22,P001,133,0,149,2,5
1522,2024-05-22,P002,111,0,122,2,5
1523,2024-05-22,P003,160,0,195,2,5
1524,2024-05-23,P001,176,0,192,3,5
1525,2024-05-23,P002,56,1,100,3,5
1526,2024-05-23,P003,133,1,170,3,5
1527,2024-05-24,P001,181,0,192,4,5
1528,2024-05-24,P002,183,0,205,4,5
1529,2024-05-24,P003,107,1,139,4,5
1530,2024-05-25,P001,71,0,70,5,5
1531,2024-05-25,P002,176,0,200,5,5
1532,2024-05-25,P003,52,1,77,5,5
1533,2024-05-26,P001,176,0,202,6,5
1534,2024-05-26,P002,90,0,103,6,5
1535,2024-05-26,P003,155,1,186,6,5
1536,2024-05-27,P001,63,0,79,0,5
1537,2024-05-27,P002,61,0,63,0,5
1538,2024-05-27,P003,136,1,138,0,5
1539,2024-05-28,P001,61,0,68,1,5
1540,2024-05-28,P002,190,1,226,1,5
1541,2024-05-28,P003,74,0,85,1,5
1542,2024-05-29,P001,94,0,123,2,5
1543,2024-05-29,P002,171,1,231,2,5
1544,2024-05-29,P003,196,1,233,2,5
1545,2024-05-30,P001,104,0,109,3,5
1546,2024-05-30,P002,149,1,189,3,5
1547,2024-05-30,P003,185,1,219,3,5
1548,2024-05-31,P001,168,0,188,4,5
1549,2024-05-31,P002,102,0,108,4,5
1550,2024-05-31,P003,81,0,91,4,5
1551,2024-06-01,P001,100,1,121,5,6
1552,2024-06-01,P002,93,1,137,5,6
1553,2024-06-01,P003,131,1,161,5,6
1554,2024-06-02,P001,195,1,241,6,6
1555,2024-06-02,P002,199,0,209,6,6
1556,2024-06-02,P003,86,1,122,6,6
1557,2024-06-03,P001,145,0,149,0,6
1558,2024-06-03,P002,105,1,141,0,6
1559,2024-06-03,P003,154,0,182,0,6
1560,2024-06-04,P001,108,0,119,1,6
1561,2024-06-04,P002,180,0,187,1,6
1562,2024-06-04,P003,84,1,120,1,6
1563,2024-06-05,P001,142,0,147,2,6
1564,2024-06-05,P002,146,0,159,2,6
1565,2024-06-05,P003,184,1,225,2,6
1566,2024-06-06,P001,125,0,154,3,6
1567,2024-06-06,P002,98,1,128,3,6
1568,2024-06-06,P003,143,1,180,3,6
1569,2024-06-07,P001,73,0,87,4,6
1570,2024-06-07,P002,197,0,220,4,6
1571,2024-06-07,P003,86,1,123,4,6
1572,2024-06-08,P001,53,0,69,5,6
1573,2024-06-08,P002,157,1,192,5,6
1574,2024-06-08,P003,175,1,179,5,6
1575,2024-06-09,P001,69,1,87,6,6
1576,2024-06-09,P002,99,0,123,6,6
1577,2024-06-09,P003,145,1,179,6,6
1578,2024-06-10,P001,154,0,169,0,6
1579,2024-06-10,P002,166,0,197,0,6
1580,2024-06-10,P003,147,0,160,0,6
1581,2024-06-11,P001,115,0,108,1,6
1582,2024-06-11,P002,128,1,145,1,6
1583,2024-06-11,P003,55,0,64,1,6
1584,2024-06-12,P001,88,1,119,2,6
1585,2024-06-12,P002,164,1,217,2,6
1586,2024-06-12,P003,174,0,184,2,6
1587,2024-06-13,P001,61,1,84,3,6
1588,2024-06-13,P002,180,1,212,3,6
1589,2024-06-13,P003,67,0,71,3,6
1590,2024-06-14,P001,89,1,101,4,6
1591,2024-06-14,P002,70,1,96,4,6
1592,2024-06-14,P003,192,1,230,4,6
1593,2024-06-15,P001,148,1,184,5,6
1594,2024-06-15,P002,75,0,103,5,6
1595,2024-06-15,P003,57,1,101,5,6
1596,2024-06-16,P001,149,1,179,6,6
1597,2024-06-16,P002,136,1,149,6,6
1598,2024-06-16,P003,91,1,122,6,6
1599,2024-06-17,P001,63,0,73,0,6
1600,2024-06-17,P002,127,1,154,0,6
1601,2024-06-17,P003,51,0,47,0,6
1602,2024-06-18,P001,168,1,220,1,6
1603,2024-06-18,P002,86,0,95,1,6
1604,2024-06-18,P003,118,0,139,1,6
1605,2024-06-19,P001,90,0,89,2,6
1606,2024-06-19,P002,111,0,121,2,6
1607,2024-06-19,P003,109,0,119,2,6
1608,2024-06-20,P001,174,1,204,3,6
1609,2024-06-20,P002,160,1,210,3,6
1610,2024-06-20,P003,63,1,75,3,6
1611,2024-06-21,P001,133,0,152,4,6
1612,2024-06-21,P002,179,1,213,4,6
1613,2024-06-21,P003,119,0,138,4,6
1614,2024-06-22,P001,194,0,212,5,6
1615,2024-06-22,P002,172,1,217,5,6
1616,2024-06-22,P003,138,1,165,5,6
1617,2024-06-23,P001,77,0,96,6,6
1618,2024-06-23,P002,115,0,129,6,6
1619,2024-06-23,P003,54,1,69,6,6
1620,2024-06-24,P001,94,1,133,0,6
1621,2024-06-24,P002,96,1,123,0,6
1622,2024-06-24,P003,80,1,93,0,6
1623,2024-06-25,P001,188,0,210,1,6
1624,2024-06-25,P002,59,1,97,1,6
1625,2024-06-25,P003,167,1,216,1,6
1626,2024-06-26,P001,63,1,85,2,6
1627,2024-06-26,P002,129,0,143,2,6
1628,2024-06-26,P003,142,0,159,2,6
1629,2024-06-27,P001,59,0,79,3,6
1630,2024-06-27,P002,125,0,132,3,6
1631,2024-06-27,P003,143,1,172,3,6
1632,2024-06-28,P001,154,0,161,4,6
1633,2024-06-28,P002,50,1,60,4,6
1634,2024-06-28,P003,182,1,222,4,6
1635,2024-06-29,P001,69,1,114,5,6
1636,2024-06-29,P002,57,1,80,5,6
1637,2024-06-29,P003,50,0,46,5,6
1638,2024-06-30,P001,106,0,121,6,6
1639,2024-06-30,P002,113,0,130,6,6
1640,2024-06-30,P003,167,1,202,6,6
1641,2024-07-01,P001,77,1,118,0,7
1642,2024-07-01,P002,170,1,198,0,7
1643,2024-07-01,P003,156,1,191,0,7
1644,2024-07-02,P001,98,1,133,1,7
1645,2024-07-02,P002,169,0,189,1,7
1646,2024-07-02,P003,93,1,125,1,7
1647,2024-07-03,P001,105,0,105,2,7
1648,2024-07-03,P002,160,1,219,2,7
1649,2024-07-03,P003,183,1,221,2,7
1650,2024-07-04,P001,157,0,173,3,7
1651,2024-07-04,P002,197,0,225,3,7
1652,2024-07-04,P003,163,1,195,3,7
1653,2024-07-05,P001,127,1,163,4,7
1654,2024-07-05,P002,179,1,210,4,7
1655,2024-07-05,P003,86,1,121,4,7
1656,2024-07-06,P001,69,0,73,5,7
1657,2024-07-06,P002,75,1,105,5,7
1658,2024-07-06,P003,78,0,78,5,7
1659,2024-07-07,P001,50,1,66,6,7
1660,2024-07-07,P002,168,0,174,6,7
1661,2024-07-07,P003,84,0,85,6,7
1662,2024-07-08,P001,108,1,113,0,7
1663,2024-07-08,P002,118,0,129,0,7
1664,2024-07-08,P003,61,1,84,0,7
1665,2024-07-09,P001,69,0,80,1,7
1666,2024-07-09,P002,92,1,124,1,7
1667,2024-07-09,P003,175,0,205,1,7
1668,2024-07-10,P001,99,1,154,2,7
1669,2024-07-10,P002,78,1,117,2,7
1670,2024-07-10,P003,88,0,95,2,7
1671,2024-07-11,P001,87,0,90,3,7
1672,2024-07-11,P002,133,0,157,3,7
1673,2024-07-11,P003,177,0,177,3,7
1674,2024-07-12,P001,175,1,212,4,7
1675,2024-07-12,P002,94,0,101,4,7
1676,2024-07-12,P003,101,1,136,4,7
1677,2024-07-13,P001,129,0,151,5,7
1678,2024-07-13,P002,173,1,202,5,7
1679,2024-07-13,P003,168,1,203,5,7
1680,2024-07-14,P001,57,1,87,6,7
1681,2024-07-14,P002,134,1,159,6,7
1682,2024-07-14,P003,178,0,210,6,7
1683,2024-07-15,P001,57,0,71,0,7
1684,2024-07-15,P002,145,1,181,0,7
1685,2024-07-15,P003,151,0,170,0,7
1686,2024-07-16,P001,54,0,54,1,7
1687,2024-07-16,P002,135,1,162,1,7
1688,2024-07-16,P003,83,0,87,1,7
1689,2024-07-17,P001,104,0,119,2,7
1690,2024-07-17,P002,168,0,189,2,7
1691,2024-07-17,P003,163,1,198,2,7
1692,2024-07-18,P001,194,0,223,3,7
1693,2024-07-18,P002,75,1,100,3,7
1694,2024-07-18,P003,185,0,196,3,7
1695,2024-07-19,P001,96,0,108,4,7
1696,2024-07-19,P002,162,0,171,4,7
1697,2024-07-19,P003,125,1,143,4,7
1698,2024-07-20,P001,121,1,153,5,7
1699,2024-07-20,P002,138,0,145,5,7
1700,2024-07-20,P003,95,1,124,5,7
1701,2024-07-21,P001,82,0,83,6,7
1702,2024-07-21,P002,50,1,90,6,7
1703,2024-07-21,P003,196,1,228,6,7
1704,2024-07-22,P001,80,0,83,0,7
1705,2024-07-22,P002,191,0,213,0,7
1706,2024-07-22,P003,102,0,101,0,7
1707,2024-07-23,P001,97,0,95,1,7
1708,2024-07-23,P002,118,1,153,1,7
1709,2024-07-23,P003,154,1,184,1,7
1710,2024-07-24,P001,139,1,166,2,7
1711,2024-07-24,P002,112,0,129,2,7
1712,2024-07-24,P003,122,0,129,2,7
1713,2024-07-25,P001,138,1,172,3,7
1714,2024-07-25,P002,62,0,59,3,7
1715,2024-07-25,P003,122,1,160,3,7
1716,2024-07-26,P001,126,1,171,4,7
1717,2024-07-26,P002,117,1,133,4,7
1718,2024-07-26,P003,147,1,185,4,7
1719,2024-07-27,P001,174,1,219,5,7
1720,2024-07-27,P002,151,0,164,5,7
1721,2024-07-27,P003,181,0,187,5,7
1722,2024-07-28,P001,151,0,170,6,7
1723,2024-07-28,P002,68,1,107,6,7
1724,2024-07-28,P003,131,1,173,6,7
1725,2024-07-29,P001,190,1,232,0,7
1726,2024-07-29,P002,72,1,100,0,7
1727,2024-07-29,P003,132,0,136,0,7
1728,2024-07-30,P001,158,0,182,1,7
1729,2024-07-30,P002,124,1,164,1,7
1730,2024-07-30,P003,178,1,207,1,7
1731,2024-07-31,P001,137,1,174,2,7
1732,2024-07-31,P002,103,0,122,2,7
1733,2024-07-31,P003,138,0,163,2,7
1734,2024-08-01,P001,192,0,210,3,8
1735,2024-08-01,P002,114,1,139,3,8
1736,2024-08-01,P003,125,1,155,3,8
1737,2024-08-02,P001,192,0,201,4,8
1738,2024-08-02,P002,198,1,237,4,8
1739,2024-08-02,P003,196,0,213,4,8
1740,2024-08-03,P001,109,1,164,5,8
1741,2024-08-03,P002,142,0,168,5,8
1742,2024-08-03,P003,98,1,137,5,8
1743,2024-08-04,P001,84,0,97,6,8
1744,2024-08-04,P002,151,0,165,6,8
1745,2024-08-04,P003,60,0,66,6,8
1746,2024-08-05,P001,148,0,163,0,8
1747,2024-08-05,P002,159,0,179,0,8
1748,2024-08-05,P003,123,0,139,0,8
1749,2024-08-06,P001,58,1,86,1,8
1750,2024-08-06,P002,52,1,77,1,8
1751,2024-08-06,P003,134,1,164,1,8
1752,2024-08-07,P001,75,0,71,2,8
1753,2024-08-07,P002,121,0,145,2,8
1754,2024-08-07,P003,97,1,148,2,8
1755,2024-08-08,P001,166,0,197,3,8
1756,2024-08-08,P002,61,0,57,3,8
1757,2024-08-08,P003,182,0,208,3,8
1758,2024-08-09,P001,97,0,116,4,8
1759,2024-08-09,P002,86,0,93,4,8
1760,2024-08-09,P003,93,1,130,4,8
1761,2024-08-10,P001,64,1,85,5,8
1762,2024-08-10,P002,92,1,136,5,8
1763,2024-08-10,P003,136,1,173,5,8
1764,2024-08-11,P001,119,1,141,6,8
1765,2024-08-11,P002,95,0,111,6,8
1766,2024-08-11,P003,157,0,183,6,8
1767,2024-08-12,P001,172,0,194,0,8
1768,2024-08-12,P002,70,0,81,0,8
1769,2024-08-12,P003,156,1,190,0,8
1770,2024-08-13,P001,129,1,150,1,8
1771,2024-08-13,P002,96,1,124,1,8
1772,2024-08-13,P003,166,0,190,1,8
1773,2024-08-14,P001,173,1,212,2,8
1774,2024-08-14,P002,192,0,219,2,8
1775,2024-08-14,P003,74,1,100,2,8
1776,2024-08-15,P001,85,1,113,3,8
1777,2024-08-15,P002,100,0,121,3,8
1778,2024-08-15,P003,64,0,75,3,8
1779,2024-08-16,P001,117,1,147,4,8
1780,2024-08-16,P002,70,1,110,4,8
1781,2024-08-16,P003,190,0,202,4,8
1782,2024-08-17,P001,68,1,87,5,8
1783,2024-08-17,P002,83,1,83,5,8
1784,2024-08-17,P003,127,0,134,5,8
1785,2024-08-18,P001,174,1,224,6,8
1786,2024-08-18,P002,166,0,164,6,8
1787,2024-08-18,P003,101,1,121,6,8
1788,2024-08-19,P001,76,0,87,0,8
1789,2024-08-19,P002,84,1,92,0,8
1790,2024-08-19,P003,185,0,201,0,8
1791,2024-08-20,P001,193,1,243,1,8
1792,2024-08-20,P002,155,0,193,1,8
1793,2024-08-20,P003,195,1,240,1,8
1794,2024-08-21,P001,51,1,69,2,8
1795,2024-08-21,P002,126,1,151,2,8
1796,2024-08-21,P003,181,1,220,2,8
1797,2024-08-22,P001,139,1,178,3,8
1798,2024-08-22,P002,138,1,190,3,8
1799,2024-08-22,P003,143,1,187,3,8
1800,2024-08-23,P001,56,1,85,4,8
1801,2024-08-23,P002,144,1,178,4,8
1802,2024-08-23,P003,157,0,205,4,8
1803,2024-08-24,P001,123,0,141,5,8
1804,2024-08-24,P002,88,1,113,5,8
1805,2024-08-24,P003,190,0,209,5,8
1806,2024-08-25,P001,120,1,146,6,8
1807,2024-08-25,P002,105,1,114,6,8
1808,2024-08-25,P003,91,0,106,6,8
1809,2024-08-26,P001,85,1,131,0,8
1810,2024-08-26,P002,133,1,152,0,8
1811,2024-08-26,P003,167,0,187,0,8
1812,2024-08-27,P001,56,0,57,1,8
1813,2024-08-27,P002,103,1,138,1,8
1814,2024-08-27,P003,178,0,197,1,8
1815,2024-08-28,P001,169,0,172,2,8
1816,2024-08-28,P002,155,1,180,2,8
1817,2024-08-28,P003,96,0,100,2,8
1818,2024-08-29,P001,172,0,205,3,8
1819,2024-08-29,P002,190,1,244,3,8
1820,2024-08-29,P003,168,0,181,3,8
1821,2024-08-30,P001,199,0,231,4,8
1822,2024-08-30,P002,167,1,201,4,8
1823,2024-08-30,P003,70,1,93,4,8
1824,2024-08-31,P001,186,1,225,5,8
1825,2024-08-31,P002,75,0,85,5,8
1826,2024-08-31,P003,58,1,81,5,8
1827,2024-09-01,P001,64,1,93,6,9
1828,2024-09-01,P002,59,0,72,6,9
1829,2024-09-01,P003,171,1,212,6,9
1830,2024-09-02,P001,170,1,210,0,9
1831,2024-09-02,P002,174,1,216,0,9
1832,2024-09-02,P003,121,1,159,0,9
1833,2024-09-03,P001,98,0,110,1,9
1834,2024-09-03,P002,140,1,169,1,9
1835,2024-09-03,P003,86,1,116,1,9
1836,2024-09-04,P001,117,0,115,2,9
1837,2024-09-04,P002,99,1,126,2,9
1838,2024-09-04,P003,68,0,53,2,9
1839,2024-09-05,P001,149,0,150,3,9
1840,2024-09-05,P002,109,0,104,3,9
1841,2024-09-05,P003,138,1,185,3,9
1842,2024-09-06,P001,195,0,217,4,9
1843,2024-09-06,P002,196,0,202,4,9
1844,2024-09-06,P003,118,0,134,4,9
1845,2024-09-07,P001,98,1,137,5,9
1846,2024-09-07,P002,157,1,197,5,9
1847,2024-09-07,P003,168,1,205,5,9
1848,2024-09-08,P001,198,1,243,6,9
1849,2024-09-08,P002,199,1,247,6,9
1850,2024-09-08,P003,86,1,112,6,9
1851,2024-09-09,P001,192,1,231,0,9
1852,2024-09-09,P002,60,0,63,0,9
1853,2024-09-09,P003,187,0,189,0,9
1854,2024-09-10,P001,127,0,151,1,9
1855,2024-09-10,P002,126,0,162,1,9
1856,2024-09-10,P003,51,1,70,1,9
1857,2024-09-11,P001,113,0,136,2,9
1858,2024-09-11,P002,84,0,83,2,9
1859,2024-09-11,P003,56,0,65,2,9
1860,2024-09-12,P001,134,0,165,3,9
1861,2024-09-12,P002,195,1,232,3,9
1862,2024-09-12,P003,116,1,147,3,9
1863,2024-09-13,P001,91,1,102,4,9
1864,2024-09-13,P002,167,0,180,4,9
1865,2024-09-13,P003,174,1,195,4,9
1866,2024-09-14,P001,73,0,87,5,9
1867,2024-09-14,P002,95,1,135,5,9
1868,2024-09-14,P003,68,1,92,5,9
1869,2024-09-15,P001,117,1,154,6,9
1870,2024-09-15,P002,151,1,185,6,9
1871,2024-09-15,P003,91,1,130,6,9
1872,2024-09-16,P001,81,0,90,0,9
1873,2024-09-16,P002,158,1,173,0,9
1874,2024-09-16,P003,85,0,105,0,9
1875,2024-09-17,P001,146,0,159,1,9
1876,2024-09-17,P002,180,0,188,1,9
1877,2024-09-17,P003,122,0,132,1,9
1878,2024-09-18,P001,185,0,187,2,9
1879,2024-09-18,P002,146,1,168,2,9
1880,2024-09-18,P003,172,1,210,2,9
1881,2024-09-19,P001,119,1,153,3,9
1882,2024-09-19,P002,62,1,94,3,9
1883,2024-09-19,P003,98,0,107,3,9
1884,2024-09-20,P001,109,1,132,4,9
1885,2024-09-20,P002,179,1,216,4,9
1886,2024-09-20,P003,54,0,58,4,9
1887,2024-09-21,P001,76,0,70,5,9
1888,2024-09-21,P002,198,1,230,5,9
1889,2024-09-21,P003,57,1,94,5,9
1890,2024-09-22,P001,99,0,124,6,9
1891,2024-09-22,P002,116,1,154,6,9
1892,2024-09-22,P003,93,1,137,6,9
1893,2024-09-23,P001,174,1,212,0,9
1894,2024-09-23,P002,107,1,158,0,9
1895,2024-09-23,P003,52,0,80,0,9
1896,2024-09-24,P001,135,0,134,1,9
1897,2024-09-24,P002,119,0,136,1,9
1898,2024-09-24,P003,179,1,217,1,9
1899,2024-09-25,P001,51,1,74,2,9
1900,2024-09-25,P002,151,1,191,2,9
1901,2024-09-25,P003,84,1,115,2,9
1902,2024-09-26,P001,147,1,177,3,9
1903,2024-09-26,P002,79,0,89,3,9
1904,2024-09-26,P003,165,1,213,3,9
1905,2024-09-27,P001,57,1,84,4,9
1906,2024-09-27,P002,199,0,225,4,9
1907,2024-09-27,P003,93,1,119,4,9
1908,2024-09-28,P001,85,0,101,5,9
1909,2024-09-28,P002,126,0,126,5,9
1910,2024-09-28,P003,80,0,83,5,9
1911,2024-09-29,P001,96,0,107,6,9
1912,2024-09-29,P002,104,0,104,6,9
1913,2024-09-29,P003,155,1,182,6,9
1914,2024-09-30,P001,170,0,193,0,9
1915,2024-09-30,P002,104,0,115,0,9
1916,2024-09-30,P003,193,1,243,0,9
1917,2024-10-01,P001,61,1,81,1,10
1918,2024-10-01,P002,194,0,213,1,10
1919,2024-10-01,P003,193,1,225,1,10
1920,2024-10-02,P001,189,1,234,2,10
1921,2024-10-02,P002,185,0,215,2,10
1922,2024-10-02,P003,52,0,65,2,10
1923,2024-10-03,P001,193,1,242,3,10
1924,2024-10-03,P002,79,0,87,3,10
1925,2024-10-03,P003,72,0,87,3,10
1926,2024-10-04,P001,141,1,175,4,10
1927,2024-10-04,P002,164,0,170,4,10
1928,2024-10-04,P003,153,0,173,4,10
1929,2024-10-05,P001,167,0,176,5,10
1930,2024-10-05,P002,54,0,82,5,10
1931,2024-10-05,P003,153,0,167,5,10
1932,2024-10-06,P001,157,1,199,6,10
1933,2024-10-06,P002,114,1,148,6,10
1934,2024-10-06,P003,170,0,177,6,10
1935,2024-10-07,P001,79,1,87,0,10
1936,2024-10-07,P002,198,0,228,0,10
1937,2024-10-07,P003,133,0,164,0,10
1938,2024-10-08,P001,199,0,211,1,10
1939,2024-10-08,P002,81,0,72,1,10
1940,2024-10-08,P003,65,0,71,1,10
1941,2024-10-09,P001,87,1,109,2,10
1942,2024-10-09,P002,191,1,226,2,10
1943,2024-10-09,P003,85,0,99,2,10
1944,2024-10-10,P001,163,1,201,3,10
1945,2024-10-10,P002,115,0,121,3,10
1946,2024-10-10,P003,154,1,198,3,10
1947,2024-10-11,P001,134,0,154,4,10
1948,2024-10-11,P002,51,1,72,4,10
1949,2024-10-11,P003,124,0,137,4,10
1950,2024-10-12,P001,116,0,132,5,10
1951,2024-10-12,P002,104,1,141,5,10
1952,2024-10-12,P003,55,1,80,5,10
1953,2024-10-13,P001,199,0,236,6,10
1954,2024-10-13,P002,192,1,240,6,10
1955,2024-10-13,P003,135,0,146,6,10
1956,2024-10-14,P001,109,1,138,0,10
1957,2024-10-14,P002,150,1,179,0,10
1958,2024-10-14,P003,61,0,73,0,10
1959,2024-10-15,P001,98,1,121,1,10
1960,2024-10-15,P002,91,1,115,1,10
1961,2024-10-15,P003,131,0,154,1,10
1962,2024-10-16,P001,84,1,117,2,10
1963,2024-10-16,P002,183,0,213,2,10
1964,2024-10-16,P003,116,0,135,2,10
1965,2024-10-17,P001,129,0,130,3,10
1966,2024-10-17,P002,56,0,60,3,10
1967,2024-10-17,P003,63,0,82,3,10
1968,2024-10-18,P001,122,1,144,4,10
1969,2024-10-18,P002,192,0,218,4,10
1970,2024-10-18,P003,198,0,220,4,10
1971,2024-10-19,P001,115,1,131,5,10
1972,2024-10-19,P002,140,1,175,5,10
1973,2024-10-19,P003,179,1,211,5,10
1974,2024-10-20,P001,69,0,67,6,10
1975,2024-10-20,P002,59,0,67,6,10
1976,2024-10-20,P003,74,0,62,6,10
1977,2024-10-21,P001,74,1,94,0,10
1978,2024-10-21,P002,103,0,141,0,10
1979,2024-10-21,P003,82,1,116,0,10
1980,2024-10-22,P001,144,0,149,1,10
1981,2024-10-22,P002,63,1,106,1,10
1982,2024-10-22,P003,114,0,115,1,10
1983,2024-10-23,P001,159,0,169,2,10
1984,2024-10-23,P002,129,0,130,2,10
1985,2024-10-23,P003,103,1,138,2,10
1986,2024-10-24,P001,174,1,228,3,10
1987,2024-10-24,P002,180,0,191,3,10
1988,2024-10-24,P003,183,0,180,3,10
1989,2024-10-25,P001,74,0,95,4,10
1990,2024-10-25,P002,190,1,244,4,10
1991,2024-10-25,P003,166,0,162,4,10
1992,2024-10-26,P001,185,0,208,5,10
1993,2024-10-26,P002,198,0,223,5,10
1994,2024-10-26,P003,74,0,76,5,10
1995,2024-10-27,P001,128,1,149,6,10
1996,2024-10-27,P002,117,1,161,6,10
1997,2024-10-27,P003,61,0,68,6,10
1998,2024-10-28,P001,81,0,94,0,10
1999,2024-10-28,P002,177,1,208,0,10
2000,2024-10-28,P003,145,1,174,0,10
2001,2024-10-29,P001,141,0,133,1,10
2002,2024-10-29,P002,190,1,229,1,10
2003,2024-10-29,P003,80,1,122,1,10
2004,2024-10-30,P001,127,0,130,2,10
2005,2024-10-30,P002,69,1,80,2,10
2006,2024-10-30,P003,195,1,238,2,10
2007,2024-10-31,P001,109,0,126,3,10
2008,2024-10-31,P002,183,0,198,3,10
2009,2024-10-31,P003,142,1,172,3,10
2010,2024-11-01,P001,92,0,103,4,11
2011,2024-11-01,P002,179,1,215,4,11
2012,2024-11-01,P003,109,0,129,4,11
2013,2024-11-02,P001,80,1,135,5,11
2014,2024-11-02,P002,54,0,42,5,11
2015,2024-11-02,P003,59,1,100,5,11
2016,2024-11-03,P001,138,1,175,6,11
2017,2024-11-03,P002,179,1,233,6,11
2018,2024-11-03,P003,175,0,199,6,11
2019,2024-11-04,P001,60,0,69,0,11
2020,2024-11-04,P002,105,1,143,0,11
2021,2024-11-04,P003,132,1,161,0,11
2022,2024-11-05,P001,186,0,196,1,11
2023,2024-11-05,P002,148,0,170,1,11
2024,2024-11-05,P003,198,0,209,1,11
2025,2024-11-06,P001,122,0,143,2,11
2026,2024-11-06,P002,164,0,183,2,11
2027,2024-11-06,P003,56,0,38,2,11
2028,2024-11-07,P001,129,1,159,3,11
2029,2024-11-07,P002,193,0,215,3,11
2030,2024-11-07,P003,146,1,179,3,11
2031,2024-11-08,P001,53,0,35,4,11
2032,2024-11-08,P002,53,0,74,4,11
2033,2024-11-08,P003,152,1,191,4,11
2034,2024-11-09,P001,89,1,125,5,11
2035,2024-11-09,P002,66,0,67,5,11
2036,2024-11-09,P003,150,1,190,5,11
2037,2024-11-10,P001,152,1,208,6,11
2038,2024-11-10,P002,173,1,202,6,11
2039,2024-11-10,P003,101,1,150,6,11
2040,2024-11-11,P001,101,0,115,0,11
2041,2024-11-11,P002,173,1,204,0,11
2042,2024-11-11,P003,112,0,148,0,11
2043,2024-11-12,P001,165,0,188,1,11
2044,2024-11-12,P002,111,0,128,1,11
2045,2024-11-12,P003,56,0,58,1,11
2046,2024-11-13,P001,141,1,170,2,11
2047,2024-11-13,P002,63,1,93,2,11
2048,2024-11-13,P003,135,0,164,2,11
2049,2024-11-14,P001,182,0,197,3,11
2050,2024-11-14,P002,179,0,196,3,11
2051,2024-11-14,P003,111,0,136,3,11
2052,2024-11-15,P001,198,1,234,4,11
2053,2024-11-15,P002,128,0,148,4,11
2054,2024-11-15,P003,198,1,246,4,11
2055,2024-11-16,P001,187,0,206,5,11
2056,2024-11-16,P002,107,0,123,5,11
2057,2024-11-16,P003,169,0,192,5,11
2058,2024-11-17,P001,182,0,196,6,11
2059,2024-11-17,P002,114,1,156,6,11
2060,2024-11-17,P003,62,1,82,6,11
2061,2024-11-18,P001,131,1,160,0,11
2062,2024-11-18,P002,188,0,191,0,11
2063,2024-11-18,P003,198,0,212,0,11
2064,2024-11-19,P001,101,1,122,1,11
2065,2024-11-19,P002,166,1,201,1,11
2066,2024-11-19,P003,75,0,88,1,11
2067,2024-11-20,P001,83,0,77,2,11
2068,2024-11-20,P002,101,1,111,2,11
2069,2024-11-20,P003,161,0,172,2,11
2070,2024-11-21,P001,131,0,148,3,11
2071,2024-11-21,P002,91,1,125,3,11
2072,2024-11-21,P003,70,0,72,3,11
2073,2024-11-22,P001,91,1,134,4,11
2074,2024-11-22,P002,190,0,205,4,11
2075,2024-11-22,P003,162,1,205,4,11
2076,2024-11-23,P001,154,0,168,5,11
2077,2024-11-23,P002,66,1,83,5,11
2078,2024-11-23,P003,169,1,202,5,11
2079,2024-11-24,P001,186,1,234,6,11
2080,2024-11-24,P002,178,1,222,6,11
2081,2024-11-24,P003,179,0,206,6,11
2082,2024-11-25,P001,109,0,123,0,11
2083,2024-11-25,P002,97,1,110,0,11
2084,2024-11-25,P003,78,0,109,0,11
2085,2024-11-26,P001,146,0,164,1,11
2086,2024-11-26,P002,59,0,70,1,11
2087,2024-11-26,P003,107,0,116,1,11
2088,2024-11-27,P001,70,0,91,2,11
2089,2024-11-27,P002,77,1,93,2,11
2090,2024-11-27,P003,83,1,120,2,11
2091,2024-11-28,P001,57,1,64,3,11
2092,2024-11-28,P002,128,1,170,3,11
2093,2024-11-28,P003,194,0,205,3,11
2094,2024-11-29,P001,136,0,152,4,11
2095,2024-11-29,P002,137,1,187,4,11
2096,2024-11-29,P003,118,0,138,4,11
2097,2024-11-30,P001,136,0,161,5,11
2098,2024-11-30,P002,150,1,196,5,11
2099,2024-11-30,P003,57,0,57,5,11
2100,2024-12-01,P001,126,1,167,6,12
2101,2024-12-01,P002,136,1,155,6,12
2102,2024-12-01,P003,92,0,97,6,12
2103,2024-12-02,P001,178,0,209,0,12
2104,2024-12-02,P002,158,1,189,0,12
2105,2024-12-02,P003,66,1,73,0,12
2106,2024-12-03,P001,182,0,223,1,12
2107,2024-12-03,P002,197,1,242,1,12
2108,2024-12-03,P003,70,1,107,1,12
2109,2024-12-04,P001,107,1,130,2,12
2110,2024-12-04,P002,159,0,180,2,12
2111,2024-12-04,P003,188,1,232,2,12
2112,2024-12-05,P001,192,0,202,3,12
2113,2024-12-05,P002,184,1,223,3,12
2114,2024-12-05,P003,77,0,69,3,12
2115,2024-12-06,P001,100,1,129,4,12
2116,2024-12-06,P002,54,0,69,4,12
2117,2024-12-06,P003,54,0,51,4,12
2118,2024-12-07,P001,143,0,179,5,12
2119,2024-12-07,P002,145,1,168,5,12
2120,2024-12-07,P003,57,1,83,5,12
2121,2024-12-08,P001,113,1,137,6,12
2122,2024-12-08,P002,187,0,206,6,12
2123,2024-12-08,P003,87,1,132,6,12
2124,2024-12-09,P001,160,0,166,0,12
2125,2024-12-09,P002,161,1,195,0,12
2126,2024-12-09,P003,130,0,149,0,12
2127,2024-12-10,P001,185,0,207,1,12
2128,2024-12-10,P002,153,0,170,1,12
2129,2024-12-10,P003,122,1,144,1,12
2130,2024-12-11,P001,98,1,130,2,12
2131,2024-12-11,P002,85,1,124,2,12
2132,2024-12-11,P003,175,0,179,2,12
2133,2024-12-12,P001,117,0,124,3,12
2134,2024-12-12,P002,127,1,141,3,12
2135,2024-12-12,P003,154,1,197,3,12
2136,2024-12-13,P001,171,1,220,4,12
2137,2024-12-13,P002,168,0,182,4,12
2138,2024-12-13,P003,163,0,169,4,12
2139,2024-12-14,P001,59,0,55,5,12
2140,2024-12-14,P002,198,0,214,5,12
2141,2024-12-14,P003,189,0,204,5,12
2142,2024-12-15,P001,140,1,183,6,12
2143,2024-12-15,P002,51,0,49,6,12
2144,2024-12-15,P003,167,0,191,6,12
2145,2024-12-16,P001,62,0,68,0,12
2146,2024-12-16,P002,144,0,150,0,12
2147,2024-12-16,P003,193,0,211,0,12
2148,2024-12-17,P001,81,1,115,1,12
2149,2024-12-17,P002,81,0,101,1,12
2150,2024-12-17,P003,173,0,190,1,12
2151,2024-12-18,P001,60,0,56,2,12
2152,2024-12-18,P002,59,1,97,2,12
2153,2024-12-18,P003,64,1,81,2,12
2154,2024-12-19,P001,66,1,98,3,12
2155,2024-12-19,P002,195,0,217,3,12
2156,2024-12-19,P003,108,1,140,3,12
2157,2024-12-20,P001,127,0,137,4,12
2158,2024-12-20,P002,173,0,196,4,12
2159,2024-12-20,P003,163,1,163,4,12
2160,2024-12-21,P001,71,0,89,5,12
2161,2024-12-21,P002,81,0,79,5,12
2162,2024-12-21,P003,162,0,185,5,12
2163,2024-12-22,P001,169,1,209,6,12
2164,2024-12-22,P002,198,0,230,6,12
2165,2024-12-22,P003,171,0,190,6,12
2166,2024-12-23,P001,81,1,100,0,12
2167,2024-12-23,P002,168,0,171,0,12
2168,2024-12-23,P003,88,0,93,0,12
2169,2024-12-24,P001,61,1,70,1,12
2170,2024-12-24,P002,67,0,67,1,12
2171,2024-12-24,P003,198,0,217,1,12
2172,2024-12-25,P001,190,0,205,2,12
2173,2024-12-25,P002,198,0,218,2,12
2174,2024-12-25,P003,175,0,190,2,12
2175,2024-12-26,P001,185,1,220,3,12
2176,2024-12-26,P002,95,1,100,3,12
2177,2024-12-26,P003,153,1,178,3,12
2178,2024-12-27,P001,184,1,231,4,12
2179,2024-12-27,P002,135,0,156,4,12
2180,2024-12-27,P003,199,0,200,4,12
2181,2024-12-28,P001,138,0,146,5,12
2182,2024-12-28,P002,71,0,88,5,12
2183,2024-12-28,P003,141,0,150,5,12
2184,2024-12-29,P001,78,1,104,6,12
2185,2024-12-29,P002,62,1,105,6,12
2186,2024-12-29,P003,51,0,55,6,12
2187,2024-12-30,P001,78,0,83,0,12
2188,2024-12-30,P002,76,0,85,0,12
2189,2024-12-30,P003,99,1,150,0,12
2190,2024-12-31,P001,144,0,162,1,12
2191,2024-12-31,P002,137,0,153,1,12
2192,2024-12-31,P003,93,0,97,1,12
